Year,Month,Season,SST_Total,ONI_Anomaly,Mean_Amplitude,Std_Amplitude,SEM_Amplitude,RMS_Amplitude,Active_Days,Total_Days,Active_Pct,MC_Phase45_Days,Mean_RMM1,Mean_RMM2
1997,1,DJF,26.23,-0.41,1.2290671322580644,0.6023562174069559,0.10818637035508201,1.3644540071088038,14.0,31.0,45.16129032258065,0.0,-0.44335961616451625,0.1270896701741935
1997,2,JFM,26.59,-0.26,2.0139664214285715,0.4337972127901481,0.08197996746254996,2.0585237558505725,28.0,28.0,100.0,16.0,1.4871266439285713,-0.33865863892857145
1997,3,FMA,27.21,-0.03,3.154012896774194,0.36382633135366793,0.06534513812806901,3.174255340284904,31.0,31.0,100.0,0.0,-1.1953488306451612,1.509443014251613
1997,4,MAM,27.9,0.3,1.5166102756666666,0.718562113678855,0.13119089287683347,1.6730891157073868,21.0,30.0,70.0,0.0,-0.6947883287200001,-0.4876648996666667
1997,5,AMJ,28.44,0.71,1.8600327158064518,0.9376717329909856,0.1684108148058154,2.0761955062510573,24.0,31.0,77.41935483870968,6.0,0.25867144166774186,0.6871592119848386
1997,6,MJJ,28.67,1.13,2.074318852666667,0.6016023317887308,0.10983705592279837,2.157002524172887,28.0,30.0,93.33333333333333,0.0,-1.2816443795666665,-0.5919170643333334
1997,7,JJA,28.69,1.48,1.4549486380645158,0.607011336849158,0.10902245448846942,1.5727213379637548,23.0,31.0,74.19354838709677,12.0,0.8421569380158066,-0.6282477326
1997,8,JAS,28.7,1.79,0.6394336803225806,0.23521847336490084,0.04224648495097993,0.6800135265215549,1.0,31.0,3.225806451612903,0.0,0.288665003748387,0.08139847139032258
1997,9,ASO,28.78,2.04,0.6637266016666667,0.3099356505356285,0.05658624905780062,0.7303362962707617,5.0,30.0,16.666666666666668,0.0,-0.15306942021,-0.5033370187216666
1997,10,SON,28.92,2.24,0.8330919136193548,0.44188823048170106,0.07936546909774304,0.939685302157644,9.0,31.0,29.032258064516128,0.0,-0.3779237416903226,0.017215604877419362
1997,11,OND,28.97,2.34,1.1042485676666665,0.3487246307171327,0.06366811553381085,1.1562526273816889,14.0,30.0,46.666666666666664,0.0,-0.4438641653333334,-0.6477301260533334
1997,12,NDJ,28.96,2.37,1.1202297012903224,0.28831452949130026,0.05178281814799249,1.1555770815109856,21.0,31.0,67.74193548387096,8.0,0.2655654645384193,-0.5644411674288708
1998,1,DJF,28.85,2.22,1.1190308054838711,0.36914221278799997,0.06629989861862075,1.1764778962339508,19.0,31.0,61.29032258064516,0.0,-0.42501317675806444,0.25299507837741925
1998,2,JFM,28.76,1.91,1.0981855267857141,0.45594997084914435,0.08616644522528467,1.1859499023467182,19.0,28.0,67.85714285714286,0.0,-0.08346081553571427,-0.801031322182143
1998,3,FMA,28.64,1.4,0.7431860038709677,0.29067591275993016,0.05220693510315573,0.7962991639676958,6.0,31.0,19.35483870967742,1.0,-0.06647706792451613,0.1495033012967742
1998,4,MAM,28.63,1.03,0.9705981949800001,0.34191154806602847,0.06242422251575855,1.027164825742512,13.0,30.0,43.333333333333336,6.0,0.1809118823036667,-0.4727148707366667
1998,5,AMJ,28.13,0.4,2.0080821048387096,0.929640562591639,0.16696837402061226,2.206523708793104,26.0,31.0,83.87096774193549,15.0,1.3556402635483868,-0.00018506774193549445
1998,6,MJJ,27.46,-0.08,0.921335034,0.3999818444193323,0.07302635959366338,1.0017538976941238,14.0,30.0,46.666666666666664,7.0,0.6473882830069999,-0.38297813353333326
1998,7,JJA,26.57,-0.63,0.75393639,0.25523643774174704,0.04584181748884461,0.7946472469509024,5.0,31.0,16.129032258064516,0.0,-0.1503765651580645,-0.5500180512948388
1998,8,JAS,26.08,-0.83,1.00514719,0.40095527489010263,0.07201369324586544,1.0797685094557,18.0,31.0,58.064516129032256,0.0,-0.6662829444096774,-0.34024437556774195
1998,9,ASO,25.73,-1.02,1.4218518516666665,0.5266306523462383,0.09614916258789855,1.5131945911257412,23.0,30.0,76.66666666666667,11.0,-0.01565220233333333,-0.19676572500666667
1998,10,SON,25.56,-1.12,1.200659972903226,0.7385354488727645,0.13264488235227265,1.4033617904729423,16.0,31.0,51.61290322580645,8.0,0.8523537905999999,0.5441432118670967
1998,11,OND,25.32,-1.31,1.5365223635833334,0.7800234730652378,0.14241215052711803,1.7172816809442504,22.0,30.0,73.33333333333333,7.0,0.7713501563306665,1.1162013007353333
1998,12,NDJ,25.12,-1.47,0.7307931299999999,0.358223157633265,0.06433877841970756,0.8113217309498147,6.0,31.0,19.35483870967742,2.0,0.2504838837667742,0.15453773618064515
2006,1,DJF,25.83,-0.86,1.7294375064516125,0.6866712407637477,0.12332979559047319,1.856680167162134,26.0,31.0,83.87096774193549,8.0,0.44822100896129036,0.4721050607903226
2006,2,JFM,26.11,-0.8,1.6995880442857145,0.48822524844828324,0.09226589936977721,1.7659134795665423,27.0,28.0,96.42857142857143,2.0,-0.8142484298964285,0.12063385447857143
2006,3,FMA,26.71,-0.63,0.8061425020580645,0.4853986815210215,0.08718017679798139,0.9369510288271503,8.0,31.0,25.806451612903224,8.0,0.7762172687903227,-0.03580917638064515
2006,4,MAM,27.28,-0.45,0.9840533986666665,0.35607644974849806,0.06501036790786904,1.0444736385172178,15.0,30.0,50.0,7.0,0.525063489,0.240430164
2006,5,AMJ,27.69,-0.19,1.1181375867741936,0.37160001520191166,0.0667413329634935,1.176377417638376,24.0,31.0,77.41935483870968,0.0,-0.7034215095309677,0.15650799921935485
2006,6,MJJ,27.63,-0.05,1.1171617263333333,0.48653260369796614,0.08882829400236582,1.215266979486329,14.0,30.0,46.666666666666664,0.0,-0.63046759825,-0.4457736710796667
2006,7,JJA,27.45,0.12,1.0984740158064517,0.23660004027602288,0.0424946216933222,1.122861945916643,19.0,31.0,61.29032258064516,0.0,-0.7323546298709677,0.5089349951774191
2006,8,JAS,27.32,0.33,0.9450053216129033,0.3238810266308059,0.05817074960876783,0.9972713478176767,15.0,31.0,48.38709677419355,5.0,-0.1227424041096774,-0.20363740004838707
2006,9,ASO,27.34,0.54,1.508618758,0.4405975456096779,0.08044173817061062,1.5695814349522694,26.0,30.0,86.66666666666667,10.0,0.6195701149999999,-0.8262761261393333
2006,10,SON,27.47,0.71,1.7489779667580645,0.898718566376097,0.16141461955104908,1.9597357756466738,25.0,31.0,80.64516129032258,4.0,-0.42951748206129026,0.5218024852064517
2006,11,OND,27.6,0.88,1.1893461453333336,0.5191830556571253,0.09478942368595589,1.2942605084981973,20.0,30.0,66.66666666666667,2.0,-0.38850083390666673,-0.5226116012583334
2006,12,NDJ,27.55,0.88,1.4631380310096773,0.9136882176071097,0.1641032482816306,1.7171689435475912,18.0,31.0,58.064516129032256,2.0,0.4332584867516129,-1.2010670034838706
2007,1,DJF,27.3,0.62,1.2701261521580647,0.725119110142752,0.13023523678257523,1.4567281659219247,20.0,31.0,64.51612903225806,9.0,0.7263608001953228,0.7997295839741935
2007,2,JFM,27.1,0.19,1.1186876339285716,0.5529887201063222,0.10450504508751655,1.2435180909101362,15.0,28.0,53.57142857142857,5.0,0.3069671026607143,-0.3595325509057143
2007,3,FMA,27.22,-0.12,1.321150566451613,0.6443231818643738,0.11572385968160347,1.4653324435852912,18.0,31.0,58.064516129032256,4.0,0.7497851686096774,0.9286768467741937
2007,4,MAM,27.41,-0.32,0.8067391546666667,0.38390631466358216,0.0700913828366401,0.8906735205241642,12.0,30.0,40.0,0.0,-0.45731462207,0.01259183424999997
2007,5,AMJ,27.54,-0.34,1.2340057027322577,0.713349512987846,0.12812135473083489,1.419585334003443,16.0,31.0,51.61290322580645,1.0,-0.6023309765677419,0.1336003790064516
2007,6,MJJ,27.27,-0.41,1.3529915246666664,0.32482179984184123,0.05930407564760148,1.3901720375852438,25.0,30.0,83.33333333333333,8.0,0.03695088196999999,-0.5762841981719998
2007,7,JJA,26.84,-0.49,1.3795319935483872,0.7114105244098673,0.12777310210166054,1.546896082432181,20.0,31.0,64.51612903225806,0.0,-0.6591500435319354,-0.16700990371935484
2007,8,JAS,26.22,-0.77,0.8762567774193549,0.4595004237776098,0.08252871239400868,0.9859795084360237,11.0,31.0,35.483870967741936,0.0,-0.22479281056774195,-0.5642095683903225
2007,9,ASO,25.75,-1.05,1.1761283893333332,0.33683036722344917,0.06149653006034395,1.2218636835875931,21.0,30.0,70.0,17.0,0.7918687607866667,0.14655561653666668
2007,10,SON,25.38,-1.38,1.2009301141935484,0.4595866897391817,0.08254420621809143,1.2832145255498684,18.0,31.0,58.064516129032256,3.0,-0.5123129247903226,0.2981573432612904
2007,11,OND,25.15,-1.57,1.5889342370000004,0.8698880858526096,0.15881910904215493,1.8044926661037295,18.0,30.0,60.0,4.0,0.45727469766666684,1.0635493472366666
2007,12,NDJ,24.95,-1.72,2.0751771258064515,0.5403610801390862,0.09705171500189491,2.142179069315774,31.0,31.0,100.0,10.0,-0.06172681972258064,-1.0270569306709678
2015,1,DJF,27.28,0.73,1.595519382903226,0.7724470155510523,0.13873557952772766,1.767231997228073,23.0,31.0,74.19354838709677,8.0,0.5511057403322581,1.1414397964580647
2015,2,JFM,27.43,0.65,0.8730502682142857,0.3949144351536478,0.07463181318329257,0.9553032368744153,13.0,28.0,46.42857142857143,0.0,-0.18621894428571426,0.6619193020428572
2015,3,FMA,27.95,0.72,2.5235438870967744,1.1250291972723894,0.20206120876504763,2.755564499831434,29.0,31.0,93.54838709677419,7.0,-0.7758147538709679,0.9195735446645159
2015,4,MAM,28.49,0.86,0.9544394936666666,0.5145204138302193,0.09393814565056804,1.0802136955762207,13.0,30.0,43.333333333333336,0.0,0.035087555146666685,-0.7018380850406666
2015,5,AMJ,28.83,1.04,0.751002624516129,0.35499514764336865,0.06375901071052678,0.8282277980324411,6.0,31.0,19.35483870967742,0.0,-0.483707661016129,0.24753043929677426
2015,6,MJJ,28.82,1.19,1.9929203833333333,0.49478374528552543,0.09033473945992422,2.0514341919132963,30.0,30.0,100.0,11.0,0.2611099226,-0.6273238446
2015,7,JJA,28.73,1.44,1.8379903345161288,1.2051312563193162,0.21644796327313748,2.1871671390013603,22.0,31.0,70.96774193548387,0.0,-0.8007875855064516,0.9579883016741937
2015,8,JAS,28.69,1.73,0.8428048241935484,0.25376372700629296,0.04557731083240531,0.8789986971351713,8.0,31.0,25.806451612903224,0.0,-0.38151900383225806,0.4967828285967741
2015,9,ASO,28.79,2.02,0.6297751352800002,0.3587972014447509,0.06550710693367175,0.7218455317605754,5.0,30.0,16.666666666666668,0.0,-0.40975973642666674,0.10049515714333336
2015,10,SON,28.99,2.28,1.5348366948387098,1.001991083742642,0.17996291122373273,1.8240951626236632,15.0,31.0,48.38709677419355,0.0,-0.9814856670967742,-0.583368740716129
2015,11,OND,29.1,2.45,1.8664467500000002,0.3934842547967578,0.07184006745843154,1.906119706121861,30.0,30.0,100.0,1.0,0.29269114173166666,-1.7439856193333334
2015,12,NDJ,29.15,2.59,1.905701525483871,0.676536996379513,0.12150963156702957,2.018572768353475,27.0,31.0,87.09677419354838,15.0,1.277375299032258,0.1980840006548387
2016,1,DJF,29.05,2.5,1.397440465735484,0.6774152378100204,0.12166736838440828,1.548201637759961,25.0,31.0,80.64516129032258,6.0,-0.23628268208387104,0.08935048187870968
2016,2,JFM,28.99,2.21,2.0595920172413793,0.4867574428092373,0.0903885879526583,2.114398729847927,29.0,29.0,100.0,14.0,0.48967816665172414,1.008407021737931
2016,3,FMA,28.92,1.69,1.2421979758064519,0.3245607409874127,0.05829282991107813,1.2825745325979703,22.0,31.0,70.96774193548387,10.0,-0.028425663158064527,0.20440105684516127
2016,4,MAM,28.74,1.11,0.6606036036666667,0.3379489205003372,0.061700749014184916,0.739458999279756,5.0,30.0,16.666666666666668,1.0,-0.09785284619666665,-0.2957654558763333
2016,5,AMJ,28.37,0.57,1.3503781812903226,0.661630245156298,0.11883230001134602,1.4990512660628241,21.0,31.0,67.74193548387096,8.0,0.5689049520741937,-0.8635225562174194
2016,6,MJJ,27.72,0.09,1.559808268666667,0.7375808676889856,0.13466322640583023,1.72014336229156,20.0,30.0,66.66666666666667,9.0,0.5661642496933332,-0.7133492125633333
2016,7,JJA,27.1,-0.19,1.0086871877419357,0.4966309661581958,0.08919755467269179,1.120774712197938,13.0,31.0,41.935483870967744,0.0,-0.1419781291645162,-0.563517171248387
2016,8,JAS,26.62,-0.34,1.3634238690322582,0.4448193289657726,0.07989190992624494,1.4319239382023017,22.0,31.0,70.96774193548387,5.0,0.7320630941935482,1.0026968859451613
2016,9,ASO,26.34,-0.42,0.9987363606666667,0.4534503347278802,0.08278832567957606,1.093726481947702,15.0,30.0,50.0,15.0,0.72801606316,-0.08192258236000005
2016,10,SON,26.2,-0.51,0.679895919032258,0.47295691530991807,0.08494556961988964,0.8238512940198275,6.0,31.0,19.35483870967742,6.0,0.29672814416387105,0.3847874199354838
2016,11,OND,26.16,-0.49,1.4056047909999998,0.5537272191404738,0.1010962962092813,1.5073547029786856,23.0,30.0,76.66666666666667,3.0,-0.23248564273999997,0.0399581092166667
2016,12,NDJ,26.19,-0.37,0.6025583080645162,0.2514866732722061,0.045168339908763434,0.651369236701412,2.0,31.0,6.451612903225806,0.0,0.21597560437096774,0.09756067541935483
2026,1,DJF,26.15,-0.39,1.5744102861290323,0.6991475469134603,0.12557060632467082,1.7180823799373723,24.0,31.0,77.41935483870968,0.0,0.1378596933806451,1.3783869697064517
2026,2,JFM,26.57,-0.21,1.00473995,0.2785834812531275,0.05264732934045713,1.041316177664801,14.0,28.0,50.0,3.0,-0.02012506031785713,-0.5546296692714286
2026,3,FMA,27.34,0.11,1.0576013293548385,0.28201475295136996,0.050651344879837114,1.0933834341150446,17.0,31.0,54.83870967741935,2.0,-0.40455700851290316,0.5872358557161291
2026,4,MAM,28.09,0.46,1.7087997313333334,0.6503617315458908,0.11873926363526786,1.824518536747598,25.0,30.0,83.33333333333333,0.0,-1.0073940310898666,-0.14699676433333334
2026,5,AMJ,28.74,0.95,1.3669006203225806,0.5952947927089514,0.10691810103945758,1.4870647987679508,22.0,31.0,70.96774193548387,0.0,-0.15945854096774195,-0.17715487979032252
2026,6,MJJ,29.02,1.39,1.5008919429999998,0.7830193146984684,0.14295911387419588,1.6868190666202105,20.0,30.0,66.66666666666667,0.0,-1.1226008816666666,0.27621285677
2026,7,JJA,29.09,1.8,1.6601284722580647,0.5186647042242599,0.09315493085282608,1.736767623681343,28.0,31.0,90.3225806451613,0.0,-1.1394352916129036,1.1116065109677418
2026,8,,,,0.988677181332258,0.37693301566351894,0.0676991681221094,1.0559251345715128,19.0,31.0,61.29032258064516,0.0,0.10274376906774192,0.8962578894232258
2026,9,,,,0.8532054573333333,0.25710555311709266,0.06638436836266308,0.8886258681268056,6.0,15.0,40.0,0.0,-0.5693419126666667,0.397810774
