Year,Month,Mean_Amplitude,Std_Amplitude,SEM_Amplitude,RMS_Amplitude,Active_Days,Total_Days,Active_Pct,MC_Phase45_Days,Mean_RMM1,Mean_RMM2
1974,6,1.0546148806666666,0.6148081508458694,0.1122480975854405,1.2155665236664484,12.0,30.0,40.0,5.0,0.000493681832000013,0.1786678413333334
1974,7,0.8500422877419354,0.36504215753118474,0.06556350695589398,0.9227833409203974,12.0,31.0,38.70967741935484,4.0,0.3881751946496774,-0.022093117680645154
1974,8,1.074155283267742,0.601929469100839,0.10810972409667247,1.2265565400338307,17.0,31.0,54.83870967741935,8.0,0.4042214334516129,0.5328013975806452
1974,9,0.9738112963333332,0.33779804624200327,0.06167320326930613,1.0288889040658495,13.0,30.0,43.333333333333336,0.0,-0.63384739316,-0.6121870056666666
1974,10,0.9921956770967744,0.4385750735518687,0.0787704085466984,1.0819406543465957,19.0,31.0,61.29032258064516,17.0,0.8368710823709679,0.07381848387419357
1974,11,0.8571291733333332,0.19511403671220118,0.035622786397721234,0.8783341756930992,10.0,30.0,33.333333333333336,3.0,0.09046204733333334,0.649324272
1974,12,0.8659016363774193,0.4296430884361226,0.07716617666228616,0.9635477198879915,12.0,31.0,38.70967741935484,0.0,-0.5682313105516128,0.03376031198064517
1975,1,1.6703991880645161,0.4408376255517128,0.07917677488198169,1.7257758539010666,30.0,31.0,96.7741935483871,5.0,-0.5288187822580646,0.32396988324838705
1975,2,1.5161655678571428,0.38272923692489524,0.07232902716977084,1.562052563066096,27.0,28.0,96.42857142857143,5.0,-0.4779074932142858,-0.4434809786214285
1975,3,1.5107749632258065,0.33882337135739166,0.06085447394637444,1.5471066542060492,29.0,31.0,93.54838709677419,7.0,0.49771662656451604,-0.6861589338709676
1975,4,1.7407238386666668,0.6389077647276385,0.11664806496884371,1.8505987796577372,25.0,30.0,83.33333333333333,8.0,0.15014746362333334,-0.3720749929766667
1975,5,0.6574914222580645,0.32894810188434787,0.05908082319007262,0.7328105351367645,6.0,31.0,19.35483870967742,0.0,-0.3125963323935484,-0.48554195030645164
1975,6,1.3867211276666669,0.6087941674903408,0.1111500994706793,1.5103878573647984,20.0,30.0,66.66666666666667,8.0,0.49352374589000003,0.267983562749
1975,7,1.6907545193548388,0.39918093606262184,0.07169501258485791,1.7357580734667775,31.0,31.0,100.0,4.0,-0.7236235796774194,-0.5981554906506451
1975,8,1.091334322903226,0.40010096159635705,0.07186025404871678,1.1601411499059182,23.0,31.0,74.19354838709677,17.0,0.5565815132387096,-0.03691342577419355
1975,9,0.7913458553333332,0.33235346469329113,0.06067916322583745,0.8561571861504709,9.0,30.0,30.0,3.0,-0.07351198229333328,-0.45993904189000007
1975,10,0.7768538551129032,0.5439323324320345,0.09769313084858369,0.943302892317062,8.0,31.0,25.806451612903224,6.0,0.4289051638222581,0.3755629545709677
1975,11,0.9253528316666666,0.41951541519086927,0.07659268537372818,1.0131162851339064,10.0,30.0,33.333333333333336,0.0,-0.7043443326666667,0.17999455589666655
1975,12,1.0417191258064515,0.307766346802818,0.05527646767119728,1.084824120960216,19.0,31.0,61.29032258064516,3.0,-0.08255879739677419,-0.04350533935354838
1976,1,1.8343668345161293,0.8968544979862803,0.16107982298489745,2.0355104924215204,25.0,31.0,80.64516129032258,1.0,-0.45590864322774194,1.2588659399516129
1976,2,1.0801324720689656,0.5554364979808014,0.1031419683284223,1.2101890740195642,17.0,29.0,58.62068965517241,3.0,-0.37732446647586193,0.49184084220137936
1976,3,0.7079384773548388,0.3718225991642872,0.06678131022328228,0.7968495401100734,9.0,31.0,29.032258064516128,2.0,0.45824853557516126,0.40920121706129026
1976,4,0.694163626,0.24203509379169633,0.04418936019253022,0.7338197508475756,3.0,30.0,10.0,1.0,0.17519422958,-0.013633799089999987
1976,5,1.2929743906451614,0.6322895512233394,0.11356255581584185,1.4348088365238807,19.0,31.0,61.29032258064516,6.0,0.24485891684193545,0.16620371000000003
1976,6,0.7404229729633334,0.4036556626854814,0.07369710397251152,0.8400790497185255,10.0,30.0,33.333333333333336,0.0,-0.39874528776233326,-0.46559799465333335
1976,7,0.5318703241935484,0.22202699125931646,0.03987722482322565,0.5749711588817414,2.0,31.0,6.451612903225806,0.0,0.1248156712548387,-0.3144897755667742
1976,8,1.2991906812903224,0.4412204706363998,0.07924553588904636,1.3697781116304482,25.0,31.0,80.64516129032258,5.0,0.2947326748451613,-0.4509432335964516
1976,9,1.731187313333333,0.35202464055985383,0.06427061214409333,1.7654461616889379,30.0,30.0,100.0,5.0,-0.07879077233333334,1.057140177
1976,10,1.3352454777419356,0.5207113544199006,0.09352252007935728,1.4301308816643683,23.0,31.0,74.19354838709677,12.0,0.3099178832806451,-0.3766377387096774
1976,11,1.3536582700533333,0.833848455543414,0.15223920288065718,1.582566644410965,20.0,30.0,66.66666666666667,10.0,0.6600770878036666,-0.6554070771866667
1976,12,1.4740346477419353,0.5416239682897608,0.09727853640962285,1.5673772845500986,25.0,31.0,80.64516129032258,4.0,-0.30428168722258064,0.32972428580967733
1977,1,0.8400428006451612,0.33983177085253685,0.06103558784226364,0.904119569754624,10.0,31.0,32.25806451612903,0.0,-0.09708973792258065,0.0759392232806451
1977,2,1.0397052060714285,0.46614064310117953,0.0880923012589598,1.1360078173770258,13.0,28.0,46.42857142857143,3.0,0.4130739179250001,-0.7617250623928571
1977,3,1.674077729032258,0.3313566270560157,0.05951340708096912,1.7055179892083685,31.0,31.0,100.0,6.0,-0.5085175106451614,0.8851696764967742
1977,4,2.0095004926666666,0.5087718980630613,0.0928886150646192,2.0708241787939516,27.0,30.0,90.0,6.0,-0.15576745200000003,-0.17096421897666664
1977,5,1.3203353893548386,0.3632755944855592,0.06524622286653506,1.3678441535252766,24.0,31.0,77.41935483870968,2.0,-0.27722822552903226,0.19287613193612904
1977,6,1.1449766080000001,0.4852911487621889,0.08860163637821537,1.2404147217625294,22.0,30.0,73.33333333333333,6.0,-0.16441884035,-0.3861304740173333
1977,7,1.0709987806451615,0.33577072993319185,0.06030620336140159,1.1207780926924937,17.0,31.0,54.83870967741935,12.0,0.8632978048387097,-0.19637418422161287
1977,8,0.8956241280645161,0.38180700213290286,0.06857456193401751,0.9711934385613388,15.0,31.0,48.38709677419355,5.0,0.044232823868709664,-0.20481010779280648
1977,9,1.79931732,0.36619305960581766,0.06685739971598006,1.834985085241477,30.0,30.0,100.0,6.0,-0.2596169380883333,0.6653459636666668
1977,10,0.6892718716129032,0.45130053342818327,0.08105596861121349,0.8198767068418369,6.0,31.0,19.35483870967742,0.0,-0.5663279531548387,-0.109637244753871
1977,11,1.3839367443333335,0.5776334636768775,0.10546095934188894,1.4959342621686227,24.0,30.0,80.0,6.0,-0.13110565899999999,-0.3093376839866667
1977,12,0.8505023864516128,0.35672871757436103,0.0640703690615672,0.9200568868882247,10.0,31.0,32.25806451612903,0.0,-0.5766723583419354,0.40200938841612893
1978,1,1.6989839889612903,1.0118922865984417,0.181741219753077,1.9691223231345747,21.0,31.0,67.74193548387096,12.0,0.8418588545096775,-0.5142628555129032
1978,2,1.7901202278571429,0.7163361746528467,0.13537481237505447,1.9233672570453104,22.0,28.0,78.57142857142857,0.0,-0.9119173936214285,1.1746814028571428
1978,3,2.25892309375,0.3309711126765123,0.08274277816912808,2.2815409383932286,16.0,16.0,100.0,3.0,-0.5054256375,-1.27703536188875
1979,1,1.7195324841935486,0.6320043359418871,0.11351132963907395,1.8284793197872793,27.0,31.0,87.09677419354838,0.0,-0.7500286344967743,1.106029360629032
1979,2,1.0634150746428572,0.45472877598037165,0.08593566108777605,1.153362450765451,15.0,28.0,53.57142857142857,5.0,0.4582118528321428,-0.7453763721321429
1979,3,1.3896006751612902,0.5957225983194449,0.10699493719533901,1.5081205303196923,21.0,31.0,67.74193548387096,14.0,0.6365077453870968,-0.3226274574209677
1979,4,1.8449910066666668,0.22927511933540626,0.04185971824489696,1.858711020846329,30.0,30.0,100.0,7.0,0.038630108986666606,-0.20659311701000002
1979,5,1.6778570587096773,0.48978422769654684,0.08796784414338898,1.7456673673867418,28.0,31.0,90.3225806451613,7.0,-0.11405252258419357,0.40947301364516125
1979,6,1.6397961300000001,0.37971013455469455,0.06932526866964268,1.6817565642418058,29.0,30.0,96.66666666666667,8.0,-0.09482992499999998,-0.72848123582
1979,7,1.2626934848387095,0.38259872390010724,0.06871675936113743,1.317594257412736,23.0,31.0,74.19354838709677,2.0,-0.6870108777419355,0.14910435999096774
1979,8,2.2490532483870975,0.34385105466315974,0.0617574725250019,2.274348275102308,31.0,31.0,100.0,7.0,-0.5432270767741936,0.6399448058064515
1979,9,1.8216750099999999,0.7108922980265607,0.12979058252861086,1.9511591698625892,30.0,30.0,100.0,9.0,0.19599796933366662,-0.5571419086666667
1979,10,1.8901715967741934,0.6860365183389061,0.12321579607765634,2.007040766238549,31.0,31.0,100.0,5.0,-0.1020508554967742,0.85968938
1979,11,1.4925573770000002,0.4531766276903417,0.08273835384004015,1.5576427524711023,24.0,30.0,80.0,4.0,0.26036003849666667,-1.301191646
1979,12,1.0625697770967744,0.2621511885710461,0.047083743399980754,1.0934170741195444,18.0,31.0,58.064516129032256,5.0,0.28275640504177413,0.1492282848483871
1980,1,0.7821294493548385,0.1955015281566452,0.0351131110112703,0.8054280802745811,3.0,31.0,9.67741935483871,1.0,0.5722166965387097,-0.11478457295806453
1980,2,0.6974407365931036,0.3161476862028253,0.05870715150332612,0.7634961760960538,5.0,29.0,17.24137931034483,0.0,-0.10107213346551723,0.4667435283448277
1980,3,1.4219328212903226,0.49979722398888804,0.0897662313666679,1.5045372169128555,23.0,31.0,74.19354838709677,7.0,0.37417706575483867,0.473863895151613
1980,4,1.694524613333333,0.5230438703513032,0.09549430878540544,1.7708386127747924,26.0,30.0,86.66666666666667,7.0,-0.00591932633333336,-0.029087898636666696
1980,5,0.5559942336387097,0.30859464631366806,0.05542523465501213,0.6334731935420715,4.0,31.0,12.903225806451612,0.0,-0.0865716646451613,-0.25386449598709676
1980,6,0.6750717646666667,0.2374687504355893,0.043355663772045666,0.7143063637561217,3.0,30.0,10.0,0.0,0.13389921139,-0.29763468488333333
1980,7,0.7928555761290322,0.3227670819063332,0.057970679230087765,0.8540713987195869,10.0,31.0,32.25806451612903,4.0,-0.1737440293548387,-0.0976400483864516
1980,8,1.1629214538709676,0.35311968589103465,0.06342216783605917,1.2136957811017237,20.0,31.0,64.51612903225806,9.0,0.08128798742064519,-0.3186144225451612
1980,9,1.1391963003333332,0.405067684598165,0.07395490272360097,1.206805167440882,19.0,30.0,63.333333333333336,8.0,-0.00984929999999999,0.2507890865938666
1980,10,1.1071735209677418,0.429436778517103,0.07712912230696953,1.185031750953286,19.0,31.0,61.29032258064516,10.0,0.3701541933064516,-0.026261610048387073
1980,11,0.7862608527033335,0.33463278217052644,0.061095307758503296,0.8523218821354135,8.0,30.0,26.666666666666668,0.0,-0.36295337141,-0.22033411695366667
1980,12,0.45220313451612903,0.21154307953579513,0.037994258691700554,0.4977897002471708,2.0,31.0,6.451612903225806,0.0,0.0006654677322580591,-0.10036275504516129
1981,1,0.829369705483871,0.4930567061519106,0.08855559862474072,0.9607897427678901,9.0,31.0,29.032258064516128,0.0,-0.20119228842193543,0.540976979616129
1981,2,1.5617196099999997,0.3016530169447961,0.05700706179059168,1.5895637381987717,27.0,28.0,96.42857142857143,0.0,-0.27645086923,1.4802118885714284
1981,3,2.681950648387097,0.315890559216381,0.05673561929546493,2.6998939229697836,31.0,31.0,100.0,0.0,-1.5190577741935483,-0.5424354680032258
1981,4,1.8680893193333332,0.7669685353058265,0.1400286558945662,2.014544716476853,28.0,30.0,93.33333333333333,9.0,0.45600339732,0.20942653066666667
1981,5,1.3846508461290323,0.6475008961432112,0.11629459401440885,1.524136130270236,23.0,31.0,74.19354838709677,7.0,0.10227522612903223,-0.709243595132258
1981,6,0.9336480726666668,0.2962588887601987,0.05408922541179151,0.9780298607189667,16.0,30.0,53.333333333333336,8.0,0.58655471723,0.24683208563
1981,7,1.4045889706451613,0.44019309689475317,0.07906101411788354,1.4698263486066914,26.0,31.0,83.87096774193549,5.0,0.4989097655032258,-0.9901977009677421
1981,8,1.4383230925806454,0.5908507771512639,0.10611993228300742,1.551327341176985,22.0,31.0,70.96774193548387,1.0,-0.21498645569870967,0.4409533980741936
1981,9,1.8157109833333331,0.29162942445727025,0.0532440047358319,1.8382108617256807,30.0,30.0,100.0,13.0,0.6736397606666668,-0.5618736893333335
1981,10,0.7776436432258065,0.40880215053177443,0.07342303371545444,0.8754758090598096,11.0,31.0,35.483870967741936,0.0,-0.27097214535677416,-0.08321380050645161
1981,11,0.7100266360000002,0.2803610687950918,0.05118669387510984,0.7616561396690362,7.0,30.0,23.333333333333332,4.0,0.34968543299430005,-0.28963628590000007
1981,12,1.3702251690322582,0.40169470264389173,0.07214649839091171,1.4260682069072206,25.0,31.0,80.64516129032258,5.0,0.09424416381612903,0.7525994487554839
1982,1,0.9918782558064516,0.4365104639088517,0.07839959370819694,1.0808410443492416,12.0,31.0,38.70967741935484,5.0,0.09106418038064518,-0.2580719106677419
1982,2,0.9554450314285715,0.3262960272658429,0.061664152995269374,1.0077409576505223,16.0,28.0,57.142857142857146,2.0,-0.22233946009642855,0.4511771903785714
1982,3,0.8262813755225805,0.38556411765685206,0.0692493598024459,0.9091782699377203,6.0,31.0,19.35483870967742,0.0,0.19353737492903222,-0.0671925318964516
1982,4,1.1483473650000002,0.43496195772938534,0.0794128253016643,1.2253926630071807,18.0,30.0,60.0,3.0,-0.11600082193999997,0.06816458126333333
1982,5,1.4055054783870966,0.5131601125509356,0.09216627700280461,1.4934136494196353,22.0,31.0,70.96774193548387,1.0,-0.6458652086483871,-0.06487224577677415
1982,6,1.0878709756666667,0.2622090691453768,0.04787260731778491,1.1180004781343464,19.0,30.0,63.333333333333336,5.0,0.3157888942666667,0.8006628223066666
1982,7,0.8223303216129032,0.3377355589701031,0.06065909707400702,0.8869120247121441,8.0,31.0,25.806451612903224,0.0,-0.4009789480870967,0.5446581632548387
1982,8,0.8475525412903228,0.27515641296991716,0.04941955065606598,0.8897269636574515,8.0,31.0,25.806451612903224,0.0,0.2828292325997742,-0.44387228515161287
1982,9,0.867028632,0.38168392733468937,0.06968563227945734,0.9447566785936133,12.0,30.0,40.0,1.0,-0.24643223462999997,-0.022708224246666662
1982,10,0.8961542580645162,0.4672264530377384,0.08391634821274177,1.0071499685588174,12.0,31.0,38.70967741935484,0.0,-0.45477209992580647,-0.4509091546193548
1982,11,1.4591116116666667,0.38968629344449784,0.07114665775670967,1.508575571752724,26.0,30.0,86.66666666666667,4.0,-0.2514270933066667,-0.29028908829
1982,12,1.1253084548387098,0.5272554030739713,0.09469786591434957,1.2390922858259785,13.0,31.0,41.935483870967744,3.0,0.23909368257774194,-0.7382423919354839
1983,1,1.117295640967742,0.3468122112776456,0.062289311953095214,1.1682244222893208,16.0,31.0,51.61290322580645,0.0,-0.4094749716129032,0.43228224765806444
1983,2,0.9090125164392857,0.4976682336067276,0.09405045582429988,1.032052293996658,16.0,28.0,57.142857142857146,5.0,0.16071012608928575,0.13189372103821428
1983,3,0.7868987441935487,0.2978762899190488,0.05350016101752593,0.8396890201023351,7.0,31.0,22.580645161290324,0.0,-0.4828202978129032,0.4572300212964516
1983,4,1.0557689343333334,0.24280989180170634,0.04433081830839442,1.082422960218512,18.0,30.0,60.0,5.0,-0.09499129577333328,-0.3669197752166667
1983,5,0.8622527793548388,0.266226733225184,0.0478157328285108,0.9011493686858855,5.0,31.0,16.129032258064516,5.0,0.5196862906451614,-0.06690816455161291
1983,6,1.064609285666667,0.4487448569533039,0.08192922690591785,1.1524115929425258,17.0,30.0,56.666666666666664,12.0,0.6107852345566667,-0.21376102621666665
1983,7,0.8894303893548388,0.32565693870896045,0.058489712833937765,0.9453664965132809,9.0,31.0,29.032258064516128,0.0,0.13351549916290323,-0.6060539283483871
1983,8,1.1866414248387096,0.5542639057418667,0.09954873619330787,1.3059159228196076,18.0,31.0,58.064516129032256,9.0,0.6564902552516129,-0.7959261803741934
1983,9,1.501571216,0.25377815170863177,0.04633333943092861,1.522160533144105,29.0,30.0,96.66666666666667,13.0,0.318467133,-0.76458265094
1983,10,1.1446224545161292,0.23850112241774027,0.04283606612556306,1.1684213367685203,24.0,31.0,77.41935483870968,13.0,0.4684016616612903,0.27647464928064514
1983,11,1.2615855596733334,0.6651989435626942,0.12144815553929783,1.421034167220938,20.0,30.0,66.66666666666667,3.0,0.022776419793333343,1.0441869480366666
1983,12,1.1142831458645162,0.5566387438382417,0.099975269706872,1.2415629527923973,16.0,31.0,51.61290322580645,0.0,-0.5937129248374194,-0.11031283320000002
1984,1,1.196929576129032,0.3556380298898747,0.06387447577057814,1.2470119766311027,21.0,31.0,67.74193548387096,0.0,-0.2754782940883871,-0.9712961234903227
1984,2,0.970786821034483,0.44643346090344965,0.08290061249601775,1.0652968484681882,15.0,29.0,51.724137931034484,0.0,-0.20038817022068964,-0.5178929793482758
1984,3,1.1145052238709676,0.4424052156463991,0.079458322374392,1.1964658974965647,20.0,31.0,64.51612903225806,0.0,-0.9586402480580645,0.29449318548709674
1984,4,0.9875518263333334,0.3563176641544854,0.06505440743165386,1.0478496130440318,13.0,30.0,43.333333333333336,6.0,0.026062274633333347,-0.21817958680133334
1984,5,0.5988378038709677,0.2111911341773713,0.037931047439303915,0.6338530161956204,1.0,31.0,3.225806451612903,0.0,-0.0007068354451612957,0.38306768124838714
1984,6,0.9397037393866666,0.5976751743105063,0.10912005834356549,1.1083102204128028,16.0,30.0,53.333333333333336,0.0,0.34085304808500005,0.6558140722966667
1984,7,1.0804282022580645,0.5113087927771015,0.09183377015567698,1.191775289416912,17.0,31.0,54.83870967741935,5.0,0.14113534563225805,0.5411522738719355
1984,8,1.601658936451613,0.5756781166564979,0.10339484201229528,1.698830818344704,27.0,31.0,87.09677419354838,3.0,0.6842389584225806,1.373123024148387
1984,9,1.0630775066666664,0.655231399564314,0.11962833930901848,1.2430410421984435,15.0,30.0,50.0,1.0,-0.6461709166199998,0.3342417769466667
1984,10,1.2993950003225807,0.48592623689667835,0.0872749285405621,1.3845341315461046,20.0,31.0,64.51612903225806,3.0,-0.29489538738064514,0.6704498044612904
1984,11,2.1089026766666668,0.4942320462001767,0.09023401344859074,2.1641611857622816,30.0,30.0,100.0,0.0,-1.0162471547299998,-1.4571046816666666
1984,12,1.0852704222580647,0.6065893553863276,0.10894666438038808,1.2385044044397198,18.0,31.0,58.064516129032256,10.0,0.7295308723483873,-0.19956883965161282
1985,1,1.5490846358064516,0.6336570361080675,0.11380816335158048,1.6698000330145546,23.0,31.0,74.19354838709677,0.0,-1.05654301023871,0.07708085248064518
1985,2,3.0358903535714283,0.9393763133757587,0.17752543662120965,3.1729391447665574,28.0,28.0,100.0,12.0,1.8035944939607143,-1.0300451864285713
1985,3,1.4479410300000002,0.6100055170959622,0.10956022513601929,1.5673661073001157,20.0,31.0,64.51612903225806,2.0,-0.3815975864451613,0.9723197652290324
1985,4,1.2419271546666666,0.35788992083250937,0.06534146091456781,1.290813211280971,20.0,30.0,66.66666666666667,9.0,0.32163892672666666,-0.03134130866666666
1985,5,1.008298991935484,0.2206058518495222,0.03962198065030739,1.031389304607001,17.0,31.0,54.83870967741935,6.0,0.07722473797741934,-0.21916522736451616
1985,6,1.3506311523400003,0.6037919467670103,0.11023682309475,1.4753362557349254,22.0,30.0,73.33333333333333,12.0,0.6601976577666666,0.60114373189
1985,7,0.6693515454838708,0.4215733320082968,0.075716805621784,0.7874150945014053,6.0,31.0,19.35483870967742,0.0,-0.5206473064225808,-0.007260312703225797
1985,8,0.4792799857580646,0.1452124707841866,0.02608092967324806,0.5001157381315627,0.0,31.0,0.0,0.0,0.06333656782516128,-0.14187857986774194
1985,9,0.53988579226,0.3172294403778962,0.057917906799904634,0.623503570638211,4.0,30.0,13.333333333333334,0.0,-0.41262328801666676,-0.01285264697333333
1985,10,1.4316176822580646,0.9157367047969043,0.16447116744205162,1.6914644943794988,16.0,31.0,51.61290322580645,0.0,-0.8567023551967741,0.4077232012838709
1985,11,1.6309367589999997,0.5637454616364117,0.10292536867647531,1.7225475395053358,23.0,30.0,76.66666666666667,7.0,0.17898044300366667,0.007206359659999987
1985,12,0.7487964512903227,0.4920151991493288,0.08836853844497901,0.8916087051347314,4.0,31.0,12.903225806451612,0.0,-0.1679700453806452,-0.1493700629935484
1986,1,2.3874909677419356,0.6353338334609375,0.1141093250465804,2.4679427187288825,31.0,31.0,100.0,11.0,1.1374613851774191,-0.3307801629193548
1986,2,0.8936003021678571,0.5015741437482325,0.09478860345842753,1.0203495687094983,14.0,28.0,50.0,0.0,-0.6178745946307143,0.2281452610392857
1986,3,2.2457286967741936,0.5291408887686879,0.0950365091420163,2.3052669089743456,31.0,31.0,100.0,10.0,0.41309114390322577,-1.614877246129032
1986,4,1.1433316736666668,0.5097242632749649,0.09306249236780013,1.248345109773303,17.0,30.0,56.666666666666664,2.0,0.09290497054666667,0.8427792132966666
1986,5,1.714687411935484,0.49589374338699554,0.08906514555420934,1.7827313104413076,29.0,31.0,93.54838709677419,5.0,-0.2532756738709677,1.0254295897064514
1986,6,1.5753875636666665,0.4090625982183403,0.07468427082528585,1.625915263692432,28.0,30.0,93.33333333333333,11.0,0.48179456869000015,0.14428266377666668
1986,7,0.9115931906451612,0.4866252834310057,0.08740048100449073,1.0296443403550157,12.0,31.0,38.70967741935484,5.0,0.04741638874193549,0.4418365619612903
1986,8,1.5441499738709676,0.51123430574289,0.09182039188940035,1.6239854287546431,24.0,31.0,77.41935483870968,5.0,0.1872671,1.073971509648387
1986,9,1.2425125640000003,0.2923280745083055,0.05337156020008328,1.2753213914168446,23.0,30.0,76.66666666666667,7.0,0.18767542055,-0.13695301836999998
1986,10,1.0221219799999999,0.672954705394592,0.12086623311273503,1.2177818898328963,9.0,31.0,29.032258064516128,0.0,-0.1374678316,-0.8735824784419356
1986,11,1.9165936733333333,0.46694545968893736,0.0852521871320834,1.970812379597477,30.0,30.0,100.0,10.0,0.23258862533333322,-0.16153345491667997
1986,12,0.9327862603225807,0.43911805743184545,0.07886793133045729,1.0279565774958381,14.0,31.0,45.16129032258065,0.0,-0.7086012870967741,-0.43048075200967734
1987,1,1.0033552251612903,0.35409682731279135,0.06359766761623666,1.0621024468690499,16.0,31.0,51.61290322580645,3.0,0.36258140743548384,-0.8003528023645159
1987,2,1.4592089207142855,0.4739555073693531,0.08956917178633922,1.531633722769057,23.0,28.0,82.14285714285714,0.0,-0.09102098549321432,1.4235188950000002
1987,3,1.6611699132258064,0.4431280593713168,0.079588148939924,1.7174148258813708,28.0,31.0,90.3225806451613,2.0,-0.7999275793612904,-0.676997386451613
1987,4,1.1510604663333335,0.3152419689809455,0.0575550458277359,1.1920591901672757,22.0,30.0,73.33333333333333,0.0,-0.4491008303333333,0.16821637922333332
1987,5,1.407199197419355,0.7154009370335037,0.12848980136614022,1.5733716830015028,20.0,31.0,64.51612903225806,0.0,-0.5912705783225808,-0.04086018447741932
1987,6,1.224225099666667,0.5761039454228462,0.1051817087919393,1.348910545114552,22.0,30.0,73.33333333333333,16.0,0.9535052040899998,0.038074405312333325
1987,7,1.0926803877419355,0.41771302554726514,0.07502347411393451,1.1673928558114413,20.0,31.0,64.51612903225806,2.0,-0.5358177657235484,0.36844308214516125
1987,8,1.9325728870967742,0.2668778408190843,0.04793267520456519,1.9503241280642434,31.0,31.0,100.0,13.0,0.5358127992967742,-1.0349530157903228
1987,9,1.2351589413333335,0.2622738692197475,0.047884438138605184,1.261789314194461,21.0,30.0,70.0,10.0,0.5718520533436667,-0.5712664760266666
1987,10,0.9263169303225807,0.2720860100277041,0.0488680900082859,0.9642125087520835,10.0,31.0,32.25806451612903,6.0,0.5540051558064516,-0.41457979354548385
1987,11,1.7967502003333335,0.6747643547829424,0.12319455270501216,1.9153175504514457,26.0,30.0,86.66666666666667,11.0,1.214959638407,0.16363020906666667
1987,12,1.5608294738451614,0.5386426152477889,0.09674306959607104,1.6483219624423715,26.0,31.0,83.87096774193549,7.0,0.5041553212967743,0.49034348965806446
1988,1,1.373614548387097,0.6259410646465621,0.11242233396680683,1.505317362809921,20.0,31.0,64.51612903225806,0.0,-0.36073891061935487,-0.8158036815290322
1988,2,1.9930998237931037,0.9929392870522167,0.18438419669844217,2.2190939149535187,24.0,29.0,82.75862068965517,0.0,-0.8323223444793103,1.1828199600068965
1988,3,2.8146703032258054,0.6767271653967426,0.12154378693080521,2.8923270354691364,31.0,31.0,100.0,8.0,0.38358045419354847,-1.0667726125806452
1988,4,1.9655137083333332,0.5978032003722059,0.10914343259754597,2.051511763344858,28.0,30.0,93.33333333333333,0.0,-1.176346513653333,0.1389865593266667
1988,5,1.2091317461290323,0.4463991695994201,0.08017565768040537,1.286407269114882,21.0,31.0,67.74193548387096,7.0,0.35654154421000006,-0.08583076677419349
1988,6,0.9826823632166666,0.549522330937199,0.10032859216904097,1.1214158875141387,14.0,30.0,46.666666666666664,0.0,-0.7709450599200002,-0.2298404627033333
1988,7,0.8084525750774192,0.4307167134038834,0.07735900539888432,0.9127584771660292,5.0,31.0,16.129032258064516,0.0,-0.18334319556451617,-0.30750160418709677
1988,8,1.1006528670967741,0.3671103961460275,0.06593497357697625,1.1583865313729462,21.0,31.0,67.74193548387096,0.0,-0.7028026735483871,-0.703854838064516
1988,9,1.2709277959166665,0.6972137842621492,0.12729323901463982,1.4440086407982138,16.0,30.0,53.333333333333336,12.0,0.6965703772766666,-0.20859827405400003
1988,10,1.571387193225806,0.6782021175305651,0.12180869615427545,1.707155079305397,23.0,31.0,74.19354838709677,5.0,0.5529855609677421,1.2445126012903232
1988,11,0.6991197353333334,0.3029528800129994,0.055311375414758585,0.7599273015166967,8.0,30.0,26.666666666666668,4.0,0.23995780098333333,0.2812797076666666
1988,12,0.8415740019354838,0.4355547517437904,0.07822794273614044,0.9443702300875286,11.0,31.0,35.483870967741936,0.0,-0.33777252179838707,0.4904733226322581
1989,1,1.8410741903225807,0.43609370125841024,0.07832474092649092,1.8903960234585777,31.0,31.0,100.0,6.0,-0.1896039348870968,-0.9421571667451614
1989,2,1.035010039642857,0.4671093209923493,0.08827536417328563,1.1320973279711934,15.0,28.0,53.57142857142857,2.0,-0.28592155265357144,0.5756778210714285
1989,3,1.188856972903226,0.3697057653577305,0.06640111564811516,1.2432433980520678,22.0,31.0,70.96774193548387,0.0,-0.8042513355219356,0.12335397061935481
1989,4,1.52454488,0.4134316344861855,0.07548194406477152,1.577803943349216,29.0,30.0,96.66666666666667,12.0,0.59934318167,0.5119626643333334
1989,5,1.2626754829032256,0.3775913400502141,0.06781740667241337,1.3161783293148535,21.0,31.0,67.74193548387096,12.0,0.37389293032806453,0.11209336518064515
1989,6,0.8109816979999999,0.31793678817738935,0.05804705024849932,0.8691407571417679,9.0,30.0,30.0,3.0,-0.08648831022666668,0.21807868134133332
1989,7,1.1306545196774194,0.42507237863920233,0.07634525294873357,1.2055030370352282,16.0,31.0,51.61290322580645,6.0,0.15993031436451613,0.22419020612903226
1989,8,0.5617270645290324,0.3090638086620468,0.05550949870029229,0.6387303252571745,3.0,31.0,9.67741935483871,0.0,-0.15618981389935482,0.042441683973870964
1989,9,1.1059220063333335,0.5976008004176963,0.10910647959063831,1.2523122521414354,17.0,30.0,56.666666666666664,0.0,-0.6179317941753334,-0.7395093040033334
1989,10,1.2285209145161289,0.4464100726569158,0.0801776159273399,1.3046521146563579,22.0,31.0,70.96774193548387,17.0,0.8325813783999999,0.014147773225806511
1989,11,1.1165590159999998,0.648130076847329,0.11833182109561297,1.2856026652279502,15.0,30.0,50.0,2.0,-0.22914298067999997,0.7621877249766666
1989,12,1.3171710629032258,0.3734993724219462,0.06708246759065453,1.3674579820569075,26.0,31.0,83.87096774193549,0.0,-0.6880114164516128,-0.23567582806451617
1990,1,2.037957725806452,0.3451080396713373,0.06198323369703875,2.066041947773679,31.0,31.0,100.0,12.0,1.2782313661419358,0.05932490870967741
1990,2,1.5582885642857143,0.2584785920169222,0.04884786240792152,1.5788249803106296,28.0,28.0,100.0,2.0,-0.6222023392964287,-0.2107679107178571
1990,3,2.3139022838709686,0.5721092078883332,0.10275384707508305,2.3813639730131904,31.0,31.0,100.0,13.0,0.8023649258064516,0.8723031951612903
1990,4,1.8123436599999996,0.26498090968428417,0.048378673847440525,1.8309734919861806,30.0,30.0,100.0,7.0,0.25138711331666663,-0.17671790966566667
1990,5,1.4207266366645162,0.7618720322844679,0.13683625646420466,1.6062966751575487,21.0,31.0,67.74193548387096,7.0,0.1587405534480645,-0.9306499902258065
1990,6,0.7040596286666666,0.33461903506313573,0.06109279789156385,0.7771341772117664,5.0,30.0,16.666666666666668,2.0,0.02566659499033336,0.3441596185666667
1990,7,0.7642434731967742,0.39238979257663287,0.07047528720794971,0.8561956958167674,11.0,31.0,35.483870967741936,0.0,-0.5286140624170967,-0.08372880627129035
1990,8,0.8801470647322581,0.643726608832094,0.11561671200195983,1.084285745724407,12.0,31.0,38.70967741935484,6.0,0.34391927455161286,0.5624949031870967
1990,9,0.7757322420000001,0.35593879779988374,0.06498523621542217,0.8510169552550636,8.0,30.0,26.666666666666668,0.0,-0.09984429156753333,-0.6944151872933334
1990,10,1.420189487096774,0.4584867840486919,0.08234665732435004,1.4900897081837108,25.0,31.0,80.64516129032258,0.0,-0.6363118074193547,-0.779737113329032
1990,11,1.424784573,0.45724366687728624,0.0834808902083558,1.4940260343542209,22.0,30.0,73.33333333333333,1.0,-0.20169880433333334,0.5749754626403334
1990,12,1.3320884206451613,0.4171170545251255,0.0749164345585039,1.393855704664467,24.0,31.0,77.41935483870968,5.0,-0.2806058283645161,-0.10653861382258067
1991,1,0.9337219903419357,0.44220631244805086,0.07942259830537857,1.0300850590584405,15.0,31.0,48.38709677419355,9.0,0.5081587497193548,-0.2768898333548387
1991,2,1.2239924271428573,0.37613985661882543,0.07108375134235032,1.2785091918853737,19.0,28.0,67.85714285714286,13.0,0.8126367110714285,0.743955072857143
1991,3,1.0113000977419353,0.5382943306912867,0.0966805158431092,1.141552255485284,13.0,31.0,41.935483870967744,0.0,-0.5391900619258065,-0.36800353481612896
1991,4,1.0739849003333333,0.35958987209836635,0.06565182813289093,1.130680449871903,19.0,30.0,63.333333333333336,15.0,0.7348467839366667,-0.39087780365333324
1991,5,1.7693103548387097,0.5864184112882904,0.10532385587349491,1.8609816146919085,27.0,31.0,87.09677419354838,0.0,-0.8807247232248385,-0.28060765967741935
1991,6,1.4334286633333335,0.2944894146255474,0.05376616511230136,1.462378524076855,29.0,30.0,96.66666666666667,8.0,-0.2501429750033333,0.3631515116633333
1991,7,0.6487244419290323,0.32430092401420924,0.058246165405134234,0.7229259125859316,4.0,31.0,12.903225806451612,3.0,-0.07632641984193547,0.2438872549806452
1991,8,1.2953001661290322,0.620212061249334,0.11139337458133526,1.4318020245105219,18.0,31.0,58.064516129032256,18.0,0.9728734332709678,0.0681002369967742
1991,9,1.3728957676666669,0.6989639775179948,0.12761277912337984,1.5352877285216702,21.0,30.0,70.0,4.0,-0.18880047000000003,0.9824843382299999
1991,10,1.178374520967742,0.37438114503881953,0.06724083862782701,1.234587551794995,21.0,31.0,67.74193548387096,1.0,0.05596110215483871,-0.6442921260419355
1991,11,0.9235051000000001,0.4107028371885109,0.07498373611983968,1.0079265496643157,14.0,30.0,46.666666666666664,0.0,-0.5601055449400001,0.57465889361
1991,12,1.688164033548387,0.49257849083379207,0.08846970861809621,1.7563326804610468,28.0,31.0,90.3225806451613,0.0,-0.7330222151032257,-0.23252655580645162
1992,1,1.713594890645162,0.6400037919698014,0.1149480743550174,1.8255955858795783,26.0,31.0,83.87096774193549,0.0,-1.1910690629290324,0.4753392543293547
1992,2,1.0900719717241378,0.3487180433515014,0.0647553149885969,1.142658271959809,16.0,29.0,55.172413793103445,13.0,0.4653610362068965,-0.26299283816103447
1992,3,1.5111300558064515,0.38331943028563326,0.06884620204918245,1.5574684689134206,30.0,31.0,96.7741935483871,5.0,-0.14233208355483867,0.029860281651612877
1992,4,1.3064477013333333,0.5402060178606977,0.09862767389411425,1.4102839146761545,17.0,30.0,56.666666666666664,9.0,0.5220340684966668,0.14472864199333335
1992,5,0.9571220065354838,0.5956405713427275,0.10698020471541135,1.1222412670290869,14.0,31.0,45.16129032258065,6.0,0.5382167269806452,-0.03938340904838711
1992,6,1.0309609286666668,0.4272823462575097,0.07801072648965705,1.1132676975521718,20.0,30.0,66.66666666666667,11.0,0.479048085388,-0.44916925688333326
1992,7,1.0320425819354837,0.3866236965481826,0.06943966578924451,1.0998944978841014,15.0,31.0,48.38709677419355,0.0,-0.20721854054516128,-0.7580151696774193
1992,8,0.793008968064516,0.3489018910064658,0.06266462951192919,0.8641000504494657,7.0,31.0,22.580645161290324,7.0,0.4996024365193548,0.3955974666870968
1992,9,1.1277177353333332,0.3062474593984718,0.055912880563730165,1.1672225780717347,19.0,30.0,63.333333333333336,2.0,-0.3847688670096668,0.32822896300000004
1992,10,1.2401599732258064,0.2610855234196335,0.04689234428860189,1.2664768129649497,23.0,31.0,74.19354838709677,15.0,0.774586106848387,0.033914543012903225
1992,11,1.1533581916666664,0.42852396125158715,0.07823741333632134,1.227903420797335,20.0,30.0,66.66666666666667,0.0,-0.8998524966399999,-0.03772318140333333
1992,12,0.7545573838516129,0.45673257102177384,0.08203159136383112,0.8781983289527869,7.0,31.0,22.580645161290324,0.0,-0.2694615579290323,0.05464177370645162
1993,1,2.5455803032258064,0.4275570721788804,0.07679151708237142,2.580094415529314,31.0,31.0,100.0,4.0,-0.33542477480967736,-0.44845523063870957
1993,2,1.2363882235714285,0.751801135767707,0.14207706004408993,1.4400260053682903,15.0,28.0,53.57142857142857,4.0,-0.09338675434285716,0.7027797522678572
1993,3,1.1552838719354839,0.5246620032187496,0.09423207755007627,1.265334484607272,17.0,31.0,54.83870967741935,9.0,0.6489928825758066,-0.59587813
1993,4,0.7601906326666668,0.2829012371341848,0.051650463041503725,0.8094783120218834,6.0,30.0,20.0,3.0,0.13356402632833334,0.18364166744000004
1993,5,0.9659904167741936,0.5484600838640782,0.09850633901203806,1.1064549019576972,9.0,31.0,29.032258064516128,0.0,-0.3005826427032258,-0.5137682922903226
1993,6,1.5129156700000004,0.2600059984623447,0.04747038348149324,1.534360943995926,30.0,30.0,100.0,5.0,-0.533574231,0.08827616622666665
1993,7,0.8503892948387096,0.4413324650470991,0.07926565067900532,0.9548053488032315,13.0,31.0,41.935483870967744,9.0,0.2937408925741935,-0.14576722250000004
1993,8,0.9336245306000001,0.5084233428459939,0.09131552804931727,1.0591555759310527,13.0,31.0,41.935483870967744,3.0,-0.20232520877741933,0.37779271842774187
1993,9,0.4647173026666666,0.20367756329661182,0.03718626529174686,0.5060275712467448,0.0,30.0,0.0,0.0,0.04378971460549999,-0.32318934996000004
1993,10,1.0391894209677421,0.7380661691356505,0.13256059722335325,1.2677081725450987,11.0,31.0,35.483870967741936,0.0,-0.3443615072709677,0.3524393296451613
1993,11,1.347927876,0.7116420301717926,0.12992746426462096,1.5187043135629357,20.0,30.0,66.66666666666667,4.0,-0.07412957125666667,-1.0324766930433333
1993,12,1.1593436987096772,0.5230563249242522,0.09394368921503524,1.2684006914369643,18.0,31.0,58.064516129032256,14.0,0.8613168458064518,-0.01140241838709678
1994,1,0.7242473929032258,0.34144330613407753,0.06132502812323156,0.798346452585952,7.0,31.0,22.580645161290324,6.0,0.1830259499903226,-0.28619121214516136
1994,2,2.13854105,0.49284828614949117,0.09313957137399662,2.192619957023985,28.0,28.0,100.0,9.0,1.0442384909928573,-0.2119176475
1994,3,0.7478716503225806,0.3894263161871405,0.06994303113596571,0.8402814013714812,10.0,31.0,32.25806451612903,0.0,-0.24744168577741932,-0.1274227699512903
1994,4,0.6928220980000002,0.2723314498520417,0.049720692734016726,0.7427615571431294,5.0,30.0,16.666666666666668,0.0,-0.31698105931066667,0.24813781145999994
1994,5,1.6855618445161287,0.585211129526296,0.10510702166800048,1.7811634713877726,26.0,31.0,83.87096774193549,0.0,-0.663377936451613,0.8656401425483871
1994,6,0.9438176643333336,0.2652143902506745,0.04842130137175754,0.9791760995230282,14.0,30.0,46.666666666666664,4.0,-0.06722935012000002,0.09951712799369997
1994,7,0.9770992674193549,0.3329013645655124,0.05979085012791436,1.0305199421466822,18.0,31.0,58.064516129032256,1.0,0.1464301641774194,0.761538331335484
1994,8,0.600948133816129,0.47775430505670147,0.08580720625430083,0.7629056028711099,7.0,31.0,22.580645161290324,0.0,-0.3764635460867741,-0.08598523197096773
1994,9,1.6379502946666669,0.7126485191771769,0.13011122317533091,1.781521863264064,21.0,30.0,70.0,0.0,-0.4176764968566667,1.1040821103333334
1994,10,1.3548562258064518,0.3807834483307794,0.06839072624424647,1.4056863575111507,27.0,31.0,87.09677419354838,0.0,-0.8886794189387097,-0.6245039238290322
1994,11,1.3418596026666667,0.42813809235299854,0.07816696363632246,1.4063354312497027,23.0,30.0,76.66666666666667,1.0,-0.22089962742333333,-1.0043070003333334
1994,12,1.5416114325806451,0.44163984957626345,0.07932085857020424,1.6016615644988115,26.0,31.0,83.87096774193549,18.0,0.890640637619355,0.3177611648041936
1995,1,1.406176635483871,0.429258221731683,0.07709705256159524,1.4682136750457342,26.0,31.0,83.87096774193549,16.0,0.9712948684419355,-0.3635704264193549
1995,2,1.0510041475,0.5192675265272492,0.09813233850733832,1.1681688774774863,14.0,28.0,50.0,10.0,0.6581923877714286,-0.5286273084178571
1995,3,1.476342223870968,0.6276268709538553,0.11272511371778686,1.600248386927765,24.0,31.0,77.41935483870968,8.0,0.4207798161290322,0.024090263864516133
1995,4,1.3071490456666663,0.3939296002459935,0.07192137604124109,1.3633218523905426,24.0,30.0,80.0,2.0,-0.6670206600966667,0.28456791370633333
1995,5,1.5533574229032259,0.39271283786391836,0.07053330785434095,1.6006772656581363,28.0,31.0,90.3225806451613,5.0,-0.45957285675806453,0.018730549738709686
1995,6,0.8386585686666668,0.23608301175926746,0.04310266366143606,0.870187073924129,6.0,30.0,20.0,0.0,-0.3500518866366667,-0.6212156832166668
1995,7,1.3968855583870965,0.5212114678574998,0.09361234310436495,1.4880145787844659,24.0,31.0,77.41935483870968,2.0,-0.461962352916129,-0.8303252527161289
1995,8,1.3320209096774194,0.5043440122589781,0.09058285864716922,1.4214208849734307,23.0,31.0,74.19354838709677,3.0,-0.2951686780741936,-0.9685851664516129
1995,9,1.0134717556666668,0.5587695711088521,0.10201689951460174,1.1527970269499628,15.0,30.0,50.0,8.0,0.6259263236566668,0.5691206999033332
1995,10,0.6955068448903226,0.41009851845164175,0.07365586826724003,0.8040431451080979,9.0,31.0,29.032258064516128,2.0,0.06081723807741935,0.38003612135161297
1995,11,1.3777157263333335,0.3477077825843268,0.06348246531384591,1.419496847919561,26.0,30.0,86.66666666666667,19.0,1.102277459,0.3971665252233334
1995,12,1.358112748064516,0.5616696510740888,0.100878847320435,1.4662082019809946,22.0,31.0,70.96774193548387,0.0,-0.5618364905816128,1.0037406389741934
1996,1,0.8677221958064516,0.2973061496451039,0.05339776080142642,0.9156863190270785,9.0,31.0,29.032258064516128,1.0,-0.24051023646451608,-0.4362623483774193
1996,2,0.7548628566448274,0.3989579468395257,0.074084630856788,0.8505861762098023,9.0,29.0,31.03448275862069,1.0,0.09522813204482757,-0.33936557796551725
1996,3,1.839944168387097,0.38671007139716534,0.06945517917008358,1.8788600799921578,30.0,31.0,96.7741935483871,3.0,-0.23723699482774194,-0.45509811322580646
1996,4,1.0315153933333332,0.5270636524549321,0.09622821723020981,1.154365726549195,13.0,30.0,43.333333333333336,9.0,0.6288235620400001,-0.004575684981333325
1996,5,1.607684551935484,0.5287729288211619,0.09497042158450714,1.6897428939960562,28.0,31.0,90.3225806451613,3.0,-0.44343113226451625,0.7693373222516128
1996,6,1.5769545686666668,0.4670711357005176,0.08527513232757666,1.6424583127890213,27.0,30.0,90.0,7.0,-0.1956017793433333,-0.46550756133
1996,7,1.5904571919354837,0.4835947824634036,0.08685618696291211,1.660082526801422,28.0,31.0,90.3225806451613,4.0,0.426661065467742,0.4581004287193549
1996,8,1.0089208741935485,0.24069422351758007,0.04322995871097504,1.0363330595363887,16.0,31.0,51.61290322580645,0.0,-0.16084203007096773,-0.3692913912709678
1996,9,1.0609203293333334,0.5784524483831048,0.10561048480783976,1.2037464873185757,17.0,30.0,56.666666666666664,9.0,0.5210126060483334,0.6448352875666667
1996,10,0.9030675464516129,0.29133036842452065,0.05232447881045764,0.9474526510268029,9.0,31.0,29.032258064516128,4.0,-0.20743407420645166,-0.1782442742548387
1996,11,1.749490647666667,0.7898389232628147,0.14420419835554515,1.9140972284998297,22.0,30.0,73.33333333333333,7.0,-0.3694326746666666,0.4382468083766666
1996,12,2.181087715483871,0.7920505595155688,0.14225647996226978,2.3160852327520938,30.0,31.0,96.7741935483871,10.0,0.7793740730096774,0.5683804435483871
1997,1,1.2290671322580644,0.6023562174069559,0.10818637035508201,1.3644540071088038,14.0,31.0,45.16129032258065,0.0,-0.44335961616451625,0.1270896701741935
1997,2,2.0139664214285715,0.4337972127901481,0.08197996746254996,2.0585237558505725,28.0,28.0,100.0,16.0,1.4871266439285713,-0.33865863892857145
1997,3,3.154012896774194,0.36382633135366793,0.06534513812806901,3.174255340284904,31.0,31.0,100.0,0.0,-1.1953488306451612,1.509443014251613
1997,4,1.5166102756666666,0.718562113678855,0.13119089287683347,1.6730891157073868,21.0,30.0,70.0,0.0,-0.6947883287200001,-0.4876648996666667
1997,5,1.8600327158064518,0.9376717329909856,0.1684108148058154,2.0761955062510573,24.0,31.0,77.41935483870968,6.0,0.25867144166774186,0.6871592119848386
1997,6,2.074318852666667,0.6016023317887308,0.10983705592279837,2.157002524172887,28.0,30.0,93.33333333333333,0.0,-1.2816443795666665,-0.5919170643333334
1997,7,1.4549486380645158,0.607011336849158,0.10902245448846942,1.5727213379637548,23.0,31.0,74.19354838709677,12.0,0.8421569380158066,-0.6282477326
1997,8,0.6394336803225806,0.23521847336490084,0.04224648495097993,0.6800135265215549,1.0,31.0,3.225806451612903,0.0,0.288665003748387,0.08139847139032258
1997,9,0.6637266016666667,0.3099356505356285,0.05658624905780062,0.7303362962707617,5.0,30.0,16.666666666666668,0.0,-0.15306942021,-0.5033370187216666
1997,10,0.8330919136193548,0.44188823048170106,0.07936546909774304,0.939685302157644,9.0,31.0,29.032258064516128,0.0,-0.3779237416903226,0.017215604877419362
1997,11,1.1042485676666665,0.3487246307171327,0.06366811553381085,1.1562526273816889,14.0,30.0,46.666666666666664,0.0,-0.4438641653333334,-0.6477301260533334
1997,12,1.1202297012903224,0.28831452949130026,0.05178281814799249,1.1555770815109856,21.0,31.0,67.74193548387096,8.0,0.2655654645384193,-0.5644411674288708
1998,1,1.1190308054838711,0.36914221278799997,0.06629989861862075,1.1764778962339508,19.0,31.0,61.29032258064516,0.0,-0.42501317675806444,0.25299507837741925
1998,2,1.0981855267857141,0.45594997084914435,0.08616644522528467,1.1859499023467182,19.0,28.0,67.85714285714286,0.0,-0.08346081553571427,-0.801031322182143
1998,3,0.7431860038709677,0.29067591275993016,0.05220693510315573,0.7962991639676958,6.0,31.0,19.35483870967742,1.0,-0.06647706792451613,0.1495033012967742
1998,4,0.9705981949800001,0.34191154806602847,0.06242422251575855,1.027164825742512,13.0,30.0,43.333333333333336,6.0,0.1809118823036667,-0.4727148707366667
1998,5,2.0080821048387096,0.929640562591639,0.16696837402061226,2.206523708793104,26.0,31.0,83.87096774193549,15.0,1.3556402635483868,-0.00018506774193549445
1998,6,0.921335034,0.3999818444193323,0.07302635959366338,1.0017538976941238,14.0,30.0,46.666666666666664,7.0,0.6473882830069999,-0.38297813353333326
1998,7,0.75393639,0.25523643774174704,0.04584181748884461,0.7946472469509024,5.0,31.0,16.129032258064516,0.0,-0.1503765651580645,-0.5500180512948388
1998,8,1.00514719,0.40095527489010263,0.07201369324586544,1.0797685094557,18.0,31.0,58.064516129032256,0.0,-0.6662829444096774,-0.34024437556774195
1998,9,1.4218518516666665,0.5266306523462383,0.09614916258789855,1.5131945911257412,23.0,30.0,76.66666666666667,11.0,-0.01565220233333333,-0.19676572500666667
1998,10,1.200659972903226,0.7385354488727645,0.13264488235227265,1.4033617904729423,16.0,31.0,51.61290322580645,8.0,0.8523537905999999,0.5441432118670967
1998,11,1.5365223635833334,0.7800234730652378,0.14241215052711803,1.7172816809442504,22.0,30.0,73.33333333333333,7.0,0.7713501563306665,1.1162013007353333
1998,12,0.7307931299999999,0.358223157633265,0.06433877841970756,0.8113217309498147,6.0,31.0,19.35483870967742,2.0,0.2504838837667742,0.15453773618064515
1999,1,1.4170454554838716,0.5214468949602686,0.09365462706026302,1.5070346704709217,24.0,31.0,77.41935483870968,6.0,-0.21990875903354837,-0.17884775576451614
1999,2,1.6669823164285713,0.6526186688114511,0.12333333561665176,1.7859255467382922,26.0,28.0,92.85714285714286,0.0,-0.6577259989428572,0.9948537910714286
1999,3,1.395114580967742,0.5351253551117974,0.09611135102703955,1.4911292525854634,25.0,31.0,80.64516129032258,1.0,0.24381938998161287,-1.2049641537838711
1999,4,1.1522467250000001,0.5270398736629291,0.09622387583661973,1.2634019587695917,17.0,30.0,56.666666666666664,8.0,0.30782044701333333,0.56289342241
1999,5,1.2344164522580647,0.6333671713827423,0.11375610211004154,1.382749977625562,20.0,31.0,64.51612903225806,0.0,-0.7840047987354839,0.0187118460264516
1999,6,1.3425115920000001,0.5150311248546722,0.09403138830005452,1.4348353676425067,21.0,30.0,70.0,0.0,-1.0069880693303332,0.5916982159913335
1999,7,0.8880601312903226,0.424781012846002,0.07629292210744554,0.9814627327097893,13.0,31.0,41.935483870967744,6.0,0.21556086461290325,-0.08132219731935483
1999,8,0.8218440292580645,0.5780294805698069,0.10381715943811998,0.9993836531788636,11.0,31.0,35.483870967741936,0.0,-0.42660058447096766,-0.3650429607354838
1999,9,1.224314593,0.7357027842054213,0.13432033684288824,1.422027727026016,13.0,30.0,43.333333333333336,0.0,-0.9721630008866667,-0.2933694766
1999,10,1.1313217996774194,0.47483455546542236,0.08528280374711658,1.223962300430218,18.0,31.0,58.064516129032256,7.0,0.21822427506451614,-0.7088658831548387
1999,11,1.4095497060000002,0.674323837637018,0.12311412564574863,1.5576860799778254,19.0,30.0,63.333333333333336,6.0,0.252082734015,0.7232517853833333
1999,12,1.1869572570967741,0.31979206489790896,0.05743635040175494,1.2279395590170117,26.0,31.0,83.87096774193549,15.0,0.4852424251032257,0.4299946362548387
2000,1,0.6000893251612905,0.1723343366232347,0.030952160578799962,0.6235770084820377,0.0,31.0,0.0,0.0,0.056908655900000014,-0.17658290443548386
2000,2,1.1428570703448275,0.4792205127405866,0.08898901517474342,1.2360645364408533,14.0,29.0,48.275862068965516,10.0,0.6325463114206896,-0.6444597513120689
2000,3,0.9157557180645163,0.41245455215498844,0.07407902441211489,1.001618485703703,12.0,31.0,38.70967741935484,6.0,0.12947815999999995,-0.09064976967096774
2000,4,0.9053602656666667,0.38724623299894556,0.07070116570747464,0.9821599670051184,11.0,30.0,36.666666666666664,10.0,0.7181922587133333,0.07692957455666667
2000,5,0.9960924206451613,0.46439439754705153,0.08340769603098037,1.0958583043362085,13.0,31.0,41.935483870967744,0.0,-0.2896479320248387,0.6763997787278389
2000,6,0.7017651786833333,0.3750218823726743,0.06846931484452091,0.7927343383476689,8.0,30.0,26.666666666666668,0.0,-0.3905342674666666,-0.061115163109500006
2000,7,1.5948303687096776,0.5475722481316898,0.09834687900717229,1.683344041861968,27.0,31.0,87.09677419354838,4.0,-0.4805366612967742,0.7152119245003226
2000,8,1.6271153900000002,0.595558062309287,0.10696538565554033,1.7293791672817174,26.0,31.0,83.87096774193549,11.0,0.545544992983871,0.30512133841290323
2000,9,1.278711512,0.32186734246785675,0.058764667997961886,1.3172882869226978,25.0,30.0,83.33333333333333,0.0,-0.9820316620000001,-0.23218355297
2000,10,1.5696261258064514,0.21351017090486807,0.03834755873115716,1.583616820014664,31.0,31.0,100.0,18.0,0.958750485183871,0.3563142616129032
2000,11,1.6378827666666669,0.4101158395385309,0.07487656550180749,1.6867864296118529,29.0,30.0,96.66666666666667,8.0,0.25257673865333335,-0.47212582754000004
2000,12,1.1626311996774197,0.4387171959530213,0.07879593448348218,1.2401513154438502,17.0,31.0,54.83870967741935,4.0,0.21072580791387097,0.306068798387742
2001,1,1.8043092477419351,0.6008633083355213,0.10791823597040848,1.8986632748162617,28.0,31.0,90.3225806451613,0.0,0.1740101177348387,-1.6957735529032258
2001,2,2.3275103500000003,0.2514589649899275,0.04752127759293183,2.3405721028429918,28.0,28.0,100.0,9.0,0.9619773525,1.0960262
2001,3,0.6080977735483872,0.5072443054205549,0.09110376667642042,0.7866255724761654,4.0,31.0,12.903225806451612,0.0,-0.15629599378387102,0.18739797534838712
2001,4,0.6858787033333333,0.2745063310502822,0.050117769898073455,0.7370695561569109,4.0,30.0,13.333333333333334,3.0,0.09453030191666664,-0.2403075708446666
2001,5,1.5366611332258064,0.4937145741905574,0.08867375521251564,1.6115888074417415,24.0,31.0,77.41935483870968,0.0,-0.6471067742709676,0.6800858383870968
2001,6,0.8460881063833334,0.5876203233937354,0.10728430212374318,1.0245256496284094,11.0,30.0,36.666666666666664,0.0,0.11081509562666664,-0.22542467759333337
2001,7,1.4921871870967744,0.35700138521819935,0.06411934161609172,1.5329583492105112,28.0,31.0,90.3225806451613,0.0,-0.851145045535484,0.23447849424516126
2001,8,1.397106648064516,0.4946170460570923,0.0888358439446753,1.4794124513288878,24.0,31.0,77.41935483870968,10.0,0.45526904963870973,0.620889414832258
2001,9,1.2181324733333332,0.37971316068334793,0.0693258211626178,1.274057587986293,23.0,30.0,76.66666666666667,0.0,-0.5660303300299999,-0.7948263746833336
2001,10,1.3723289300000003,0.3136784331735633,0.05633830972942337,1.4065940588563564,27.0,31.0,87.09677419354838,7.0,0.031770651844967766,0.22658133354838725
2001,11,0.9614376696666668,0.2181586181268203,0.03983013208740497,0.9850731627117724,13.0,30.0,43.333333333333336,8.0,0.5057259048830667,-0.16614662990333334
2001,12,1.720384283870968,0.3927084781290425,0.07053252482284181,1.7632263598094167,29.0,31.0,93.54838709677419,5.0,-0.2614530216129032,1.275443555483871
2002,1,1.6998524758064515,0.661886294745595,0.11887828787516555,1.8202911468633927,28.0,31.0,90.3225806451613,4.0,-0.13836397548387094,-0.8164514649548388
2002,2,1.0814431442857144,0.4387342309039924,0.08291297618736804,1.1641015583140686,16.0,28.0,57.142857142857146,8.0,0.44639045223214285,0.6439294724785715
2002,3,1.3025143731387099,0.6206992761581945,0.1114808809621931,1.4385351218639486,20.0,31.0,64.51612903225806,3.0,0.30036813999612905,-0.9551702646258065
2002,4,0.8904978936033334,0.40753910643276287,0.07440612055290766,0.9764928832348214,10.0,30.0,33.333333333333336,0.0,-0.028844675873333333,-0.7083083335066667
2002,5,2.409133551612902,0.31645390680840696,0.056836799509876815,2.429163873200567,31.0,31.0,100.0,7.0,-0.13596816677419352,0.6245750448387097
2002,6,1.8803833166666668,0.23892942069963857,0.04362234445627794,1.895000204944141,30.0,30.0,100.0,8.0,0.267579826,-0.33883950002666663
2002,7,1.722157498064516,0.8217710917765765,0.1475944451354046,1.9024589496713646,20.0,31.0,64.51612903225806,0.0,-0.7084756239225805,1.1136073970419356
2002,8,1.4202360319354839,0.34829176330752776,0.06255504734228652,1.4609806312363351,30.0,31.0,96.7741935483871,8.0,0.11043321484516122,0.33628540899677417
2002,9,0.7018471730000002,0.2681071449126257,0.048949443698983845,0.7497165113313509,5.0,30.0,16.666666666666668,0.0,-0.24260042784333338,-0.20548776733333335
2002,10,0.8933860990322579,0.5186389457987876,0.09315030450303938,1.028809068201843,11.0,31.0,35.483870967741936,5.0,-0.11822562927748385,-0.26703078187419355
2002,11,2.25046865,0.18397650235076918,0.033589360129472834,2.2577263458922867,30.0,30.0,100.0,8.0,0.8741137343866667,-0.9908627828800001
2002,12,1.8575260422580644,0.550775466700945,0.09892219404576114,1.9349343688899956,29.0,31.0,93.54838709677419,4.0,-0.2967796454838711,-0.6546369004419353
2003,1,0.8134987815870968,0.29455544730927613,0.052903720077614326,0.863564922623197,8.0,31.0,25.806451612903224,3.0,0.08286667359064515,0.3495819667822581
2003,2,0.7148255028571429,0.2846427733725677,0.053792427916823725,0.7675307047063377,5.0,28.0,17.857142857142858,2.0,0.19585659046785717,-0.07033133399285715
2003,3,1.4626752464516126,0.40567405112198107,0.07286121047618874,1.5161403484981035,27.0,31.0,87.09677419354838,7.0,-0.16739463284193548,-0.1288427059967742
2003,4,1.1874197433333333,0.38468687624707393,0.07023389323224022,1.2462009628691406,21.0,30.0,70.0,4.0,-0.20439803466999998,-0.12653354433333336
2003,5,2.2453365554838705,0.7119213075089851,0.12786484145444776,2.3520243999153805,30.0,31.0,96.7741935483871,7.0,0.3540167361290323,0.9282113464516129
2003,6,1.65106069,0.3953793615958629,0.07218606503934863,1.6962061825301082,27.0,30.0,90.0,0.0,-1.447202816,-0.3827931888766667
2003,7,0.9928557990322581,0.38897929852363716,0.06986274439350089,1.0640426350939765,16.0,31.0,51.61290322580645,6.0,-0.08422332153322581,-0.33106267204193557
2003,8,0.6039936987096773,0.2855488420014269,0.051286086011062104,0.666120309426922,3.0,31.0,9.67741935483871,2.0,0.17464520780645162,0.007823660253870948
2003,9,0.7902776976666667,0.33710280214445,0.06154626964423871,0.8569651074202767,10.0,30.0,33.333333333333336,10.0,0.5530458152059999,-0.01151183237
2003,10,1.2216482238709676,0.4094759036319315,0.07354404334449963,1.2863460546178151,23.0,31.0,74.19354838709677,11.0,0.41355153161290337,0.505929905783871
2003,11,0.49874167021000004,0.20131219214621554,0.03675440957976553,0.5365808100249374,0.0,30.0,0.0,0.0,-0.0661061741585,-0.12247123529843333
2003,12,1.8000867477419356,0.43913386858295583,0.07887077109702786,1.8511969790919958,29.0,31.0,93.54838709677419,9.0,0.6465923794129033,0.0347695151920322
2004,1,2.2460386096774188,0.35261829733530314,0.06333211579307424,2.272667627015991,31.0,31.0,100.0,0.0,-0.8855522048032259,-0.017209499590322568
2004,2,1.479118912413793,0.712731284350998,0.1323508768769231,1.63653960726366,19.0,29.0,65.51724137931035,14.0,1.0623535163862068,0.20457539697931038
2004,3,2.1767354612903227,0.7008415339538703,0.12587485537869308,2.2833115523154084,29.0,31.0,93.54838709677419,14.0,0.8977329190709677,0.7232177222580646
2004,4,1.2874256193333333,0.5583840573288452,0.1019465146500888,1.3995943658594583,21.0,30.0,70.0,0.0,-0.6227684788633334,-0.4042804271166667
2004,5,1.4382904767741935,0.6378381565122804,0.11455911474458945,1.569201458931025,21.0,31.0,67.74193548387096,7.0,0.27077409280000003,-0.507801964816129
2004,6,1.0188708323333333,0.6530909242861607,0.11923754377780957,1.204328832386905,13.0,30.0,43.333333333333336,0.0,-0.17851440262999999,0.6211063072066667
2004,7,1.611224959354839,0.7636301253238691,0.1371520192955375,1.777741871463151,24.0,31.0,77.41935483870968,0.0,-1.3678149112645164,-0.44754459908387095
2004,8,1.2484562670967745,0.28819177443259236,0.05176077068859794,1.2802415289005198,24.0,31.0,77.41935483870968,1.0,-0.15690964643516128,0.7954275266451613
2004,9,1.4384542360000003,0.3333449612906372,0.06086018490985613,1.475318775782691,27.0,30.0,90.0,1.0,-0.42930230665666663,-1.2147436880000002
2004,10,1.54811694,0.35049146009251186,0.06295012454772092,1.5860477941512892,28.0,31.0,90.3225806451613,10.0,-0.07640268229999998,-0.010865098387096796
2004,11,0.5586875729999999,0.2687000666729455,0.04905769590663812,0.6180007059275965,2.0,30.0,6.666666666666667,0.0,0.09850197702333334,-0.3002420245
2004,12,0.7194164974193548,0.2971788234050848,0.05337489233363186,0.7765477903567406,6.0,31.0,19.35483870967742,0.0,0.2264307534322581,-0.10495353774580647
2005,1,1.2033856138322585,0.4865324476885408,0.08738380721292643,1.295073290771305,23.0,31.0,74.19354838709677,9.0,0.5548075808193549,0.5146134638451614
2005,2,1.514537843928571,0.46469976602615753,0.08782000108679391,1.5817896195909515,23.0,28.0,82.14285714285714,0.0,-0.5171259351249999,1.1805604542857142
2005,3,1.7757296806451612,0.6721796484620775,0.12072702877828281,1.8948525966557759,29.0,31.0,93.54838709677419,0.0,-0.30920969703225815,-0.7818769002516128
2005,4,2.6446990999999995,0.5601381679875932,0.1022667699754743,2.7014310290170447,30.0,30.0,100.0,11.0,0.2869720631500001,0.14196264400000003
2005,5,1.8156324893548388,0.8334240545466741,0.14968737903323473,1.9921623125779753,23.0,31.0,74.19354838709677,6.0,0.18035705772580646,-0.06816377344516131
2005,6,0.7345759723333334,0.2608187119689811,0.04761876398828453,0.7780492998254342,4.0,30.0,13.333333333333334,0.0,-0.028836471679999993,-0.47966045061333334
2005,7,1.0290815029032256,0.3751087148999942,0.06737151403248887,1.0932412207323952,19.0,31.0,61.29032258064516,6.0,-0.04334865806451612,-0.5174850651835484
2005,8,0.939736100967742,0.3855196453530382,0.06924137234088758,1.0133779989577123,14.0,31.0,45.16129032258065,2.0,-0.24146400728064515,0.07278299581612903
2005,9,1.5226028149999995,0.7489473901498295,0.13673845998989467,1.691314317038012,22.0,30.0,73.33333333333333,15.0,0.79775427013,0.11178200007000001
2005,10,1.0373357177419356,0.35351165329845236,0.06349256726065308,1.094077042179221,20.0,31.0,64.51612903225806,11.0,0.3091780858064516,-0.36794451479354834
2005,11,1.0062126816666666,0.40417062658868286,0.07379112308787296,1.0818376617114713,18.0,30.0,60.0,5.0,0.025872080176666656,0.40723373023666665
2005,12,0.6440208229032258,0.304068421769743,0.05461230072875948,0.710097121568312,3.0,31.0,9.67741935483871,0.0,-0.11403057178580643,-0.2133819783387097
2006,1,1.7294375064516125,0.6866712407637477,0.12332979559047319,1.856680167162134,26.0,31.0,83.87096774193549,8.0,0.44822100896129036,0.4721050607903226
2006,2,1.6995880442857145,0.48822524844828324,0.09226589936977721,1.7659134795665423,27.0,28.0,96.42857142857143,2.0,-0.8142484298964285,0.12063385447857143
2006,3,0.8061425020580645,0.4853986815210215,0.08718017679798139,0.9369510288271503,8.0,31.0,25.806451612903224,8.0,0.7762172687903227,-0.03580917638064515
2006,4,0.9840533986666665,0.35607644974849806,0.06501036790786904,1.0444736385172178,15.0,30.0,50.0,7.0,0.525063489,0.240430164
2006,5,1.1181375867741936,0.37160001520191166,0.0667413329634935,1.176377417638376,24.0,31.0,77.41935483870968,0.0,-0.7034215095309677,0.15650799921935485
2006,6,1.1171617263333333,0.48653260369796614,0.08882829400236582,1.215266979486329,14.0,30.0,46.666666666666664,0.0,-0.63046759825,-0.4457736710796667
2006,7,1.0984740158064517,0.23660004027602288,0.0424946216933222,1.122861945916643,19.0,31.0,61.29032258064516,0.0,-0.7323546298709677,0.5089349951774191
2006,8,0.9450053216129033,0.3238810266308059,0.05817074960876783,0.9972713478176767,15.0,31.0,48.38709677419355,5.0,-0.1227424041096774,-0.20363740004838707
2006,9,1.508618758,0.4405975456096779,0.08044173817061062,1.5695814349522694,26.0,30.0,86.66666666666667,10.0,0.6195701149999999,-0.8262761261393333
2006,10,1.7489779667580645,0.898718566376097,0.16141461955104908,1.9597357756466738,25.0,31.0,80.64516129032258,4.0,-0.42951748206129026,0.5218024852064517
2006,11,1.1893461453333336,0.5191830556571253,0.09478942368595589,1.2942605084981973,20.0,30.0,66.66666666666667,2.0,-0.38850083390666673,-0.5226116012583334
2006,12,1.4631380310096773,0.9136882176071097,0.1641032482816306,1.7171689435475912,18.0,31.0,58.064516129032256,2.0,0.4332584867516129,-1.2010670034838706
2007,1,1.2701261521580647,0.725119110142752,0.13023523678257523,1.4567281659219247,20.0,31.0,64.51612903225806,9.0,0.7263608001953228,0.7997295839741935
2007,2,1.1186876339285716,0.5529887201063222,0.10450504508751655,1.2435180909101362,15.0,28.0,53.57142857142857,5.0,0.3069671026607143,-0.3595325509057143
2007,3,1.321150566451613,0.6443231818643738,0.11572385968160347,1.4653324435852912,18.0,31.0,58.064516129032256,4.0,0.7497851686096774,0.9286768467741937
2007,4,0.8067391546666667,0.38390631466358216,0.0700913828366401,0.8906735205241642,12.0,30.0,40.0,0.0,-0.45731462207,0.01259183424999997
2007,5,1.2340057027322577,0.713349512987846,0.12812135473083489,1.419585334003443,16.0,31.0,51.61290322580645,1.0,-0.6023309765677419,0.1336003790064516
2007,6,1.3529915246666664,0.32482179984184123,0.05930407564760148,1.3901720375852438,25.0,30.0,83.33333333333333,8.0,0.03695088196999999,-0.5762841981719998
2007,7,1.3795319935483872,0.7114105244098673,0.12777310210166054,1.546896082432181,20.0,31.0,64.51612903225806,0.0,-0.6591500435319354,-0.16700990371935484
2007,8,0.8762567774193549,0.4595004237776098,0.08252871239400868,0.9859795084360237,11.0,31.0,35.483870967741936,0.0,-0.22479281056774195,-0.5642095683903225
2007,9,1.1761283893333332,0.33683036722344917,0.06149653006034395,1.2218636835875931,21.0,30.0,70.0,17.0,0.7918687607866667,0.14655561653666668
2007,10,1.2009301141935484,0.4595866897391817,0.08254420621809143,1.2832145255498684,18.0,31.0,58.064516129032256,3.0,-0.5123129247903226,0.2981573432612904
2007,11,1.5889342370000004,0.8698880858526096,0.15881910904215493,1.8044926661037295,18.0,30.0,60.0,4.0,0.45727469766666684,1.0635493472366666
2007,12,2.0751771258064515,0.5403610801390862,0.09705171500189491,2.142179069315774,31.0,31.0,100.0,10.0,-0.06172681972258064,-1.0270569306709678
2008,1,1.8184795248387093,0.4125630194832337,0.07409850571936441,1.8632191064802066,30.0,31.0,96.7741935483871,4.0,-0.2263464710516129,0.8613320725806451
2008,2,1.2379733358620693,0.4287729258509742,0.07962113346706064,1.3077020598567872,21.0,29.0,72.41379310344827,9.0,0.1616845725275862,0.030436324259310345
2008,3,1.841220326129032,0.6854913294465876,0.12311787726198983,1.9608244797522423,27.0,31.0,87.09677419354838,6.0,-0.39194053612903224,-1.0078243883870972
2008,4,0.8616907713333333,0.4557927741649643,0.08321599465266961,0.9712533843524026,12.0,30.0,40.0,0.0,-0.40173440339,0.10057609088
2008,5,1.723710637419355,0.6409953981583487,0.11512617208400307,1.8354289489146953,29.0,31.0,93.54838709677419,4.0,-0.590938464516129,0.8256440139709678
2008,6,0.9531169550000002,0.3798900009460267,0.06935810762959924,1.0236883293431087,13.0,30.0,43.333333333333336,3.0,0.07242910655533329,-0.2620970557266666
2008,7,1.2312710548387096,0.30131433611211916,0.054117652342414335,1.2664477957402198,21.0,31.0,67.74193548387096,0.0,-0.3521169206096775,-0.516571515741613
2008,8,1.211697393548387,0.3705560645972125,0.06655383389983546,1.2653430197914561,24.0,31.0,77.41935483870968,2.0,-0.12820919722161292,-1.0656246294290321
2008,9,1.4465834003333333,0.4240171396263779,0.07741458404739493,1.5054570903860574,27.0,30.0,90.0,18.0,0.9437854654133334,0.09843056766666668
2008,10,1.3736839277419355,0.6437664994175739,0.11562387656261298,1.512638079078238,17.0,31.0,54.83870967741935,12.0,0.5951139023838711,-0.524238995951774
2008,11,1.2276514546666664,0.5128073891835049,0.09362539157037879,1.3271525151992438,22.0,30.0,73.33333333333333,15.0,0.9153780751516666,0.48578852927
2008,12,0.8991352851612902,0.36594951228805717,0.06572647268104749,0.9685263741142258,14.0,31.0,45.16129032258065,5.0,0.2653760390419355,0.6557456774645162
2009,1,1.364462853870968,0.56477511550093,0.10143660519675121,1.473241468941515,23.0,31.0,74.19354838709677,0.0,-0.4715566775648387,0.5542895793548388
2009,2,0.9907292532142856,0.6130403838853246,0.11585374281429552,1.1592846396484002,15.0,28.0,53.57142857142857,10.0,0.6888092525035716,0.09707066535714284
2009,3,1.132607892903226,0.6619642632524417,0.11889229143238633,1.3064692678850083,18.0,31.0,58.064516129032256,2.0,-0.35595171798387093,0.3327885156709677
2009,4,2.2441025066666667,0.21661259099154803,0.03954786744190373,2.254185671408743,30.0,30.0,100.0,8.0,0.21436253819666673,-0.19593872179333333
2009,5,1.0808286461290322,0.4845421974277512,0.08702634771372846,1.1812697059456152,17.0,31.0,54.83870967741935,0.0,-0.5128318909645161,0.8264769119354839
2009,6,1.4584701413333332,0.36190349868032806,0.06607423662241893,1.5012473116621057,27.0,30.0,90.0,0.0,-0.7786559080613332,0.7245484260733334
2009,7,0.6150665787096774,0.2637874794294229,0.04737762991380317,0.6675672930372688,3.0,31.0,9.67741935483871,3.0,0.22974068096774197,0.016472622596774202
2009,8,1.1287514099999998,0.5952019680655114,0.10690142924133701,1.271580596262858,13.0,31.0,41.935483870967744,0.0,-0.5843878550348387,-0.45263333992258065
2009,9,1.6812911126666663,0.34666945744111444,0.06329289394619185,1.7154922115329905,29.0,30.0,96.66666666666667,25.0,1.5242503043333333,-0.3829769264746667
2009,10,0.9675306593548388,0.5026344086584746,0.09027580477615474,1.0865575017600684,14.0,31.0,45.16129032258065,8.0,-0.130845818663871,0.0982420211935484
2009,11,1.7810276800000002,0.3958575904080609,0.07227337727537854,1.823057702802374,30.0,30.0,100.0,8.0,0.4179896298133333,-0.6200847808
2009,12,1.2578152232258064,0.6092236207830661,0.10941979241258798,1.3932981966998308,19.0,31.0,61.29032258064516,0.0,-0.4326920208548387,-0.02205701523548383
2010,1,1.289910690967742,0.5428348929227598,0.0974960248940643,1.3960780195881597,20.0,31.0,64.51612903225806,5.0,0.27910442483870973,0.3176923184245161
2010,2,1.3009368542857143,0.7071038441023121,0.13363006589946458,1.4746442115543605,16.0,28.0,57.142857142857146,0.0,-0.9200341748907144,0.6520331681250002
2010,3,1.229541595483871,0.4248265252717348,0.07630109638041525,1.2986255250420058,22.0,31.0,70.96774193548387,5.0,-0.005052918858064438,-0.6549279566870966
2010,4,0.9705520310000001,0.46676797113923457,0.08521978230462637,1.0735833327989095,14.0,30.0,46.666666666666664,8.0,0.30991360561666664,0.21225313041999996
2010,5,1.3091519658064517,0.49712974827743917,0.08928713858586405,1.3975137434316827,21.0,31.0,67.74193548387096,8.0,0.0306251277058065,-0.44463197624516126
2010,6,1.285590429,0.4089675460859235,0.07466691675959797,1.3470048464758995,19.0,30.0,63.333333333333336,0.0,-0.792216218,-0.956073914
2010,7,1.6636019145161294,0.5074271847976125,0.09113661278217132,1.7368787509967274,26.0,31.0,83.87096774193549,0.0,-0.8688725159,-1.0791941646161287
2010,8,0.747917844516129,0.3674556753677531,0.06599698755587785,0.8306919845160259,9.0,31.0,29.032258064516128,5.0,-0.051409626149032245,-0.18104662879354835
2010,9,0.8091414173333333,0.33238510780240393,0.06068494044072101,0.8726437022844532,9.0,30.0,30.0,0.0,-0.293516875,-0.51242343669
2010,10,1.3724983983870966,1.0003337313977796,0.17966524195526892,1.688827945227253,17.0,31.0,54.83870967741935,7.0,0.881342802694516,0.5014431545548387
2010,11,0.7180750344066669,0.4011388694351501,0.0732376024939171,0.819256004671793,9.0,30.0,30.0,0.0,-0.27015121909333334,0.17808033054766664
2010,12,0.9818622567741936,0.2702174419480132,0.04853248527397543,1.017209690812947,18.0,31.0,58.064516129032256,13.0,0.5584730367677418,0.23869572558387095
2011,1,1.5956191370967745,0.7588230333124443,0.13628864008295505,1.7616010425573925,20.0,31.0,64.51612903225806,1.0,-0.2501306252225806,1.1297050422580646
2011,2,0.5124724357571427,0.3174558916187309,0.05999352438967399,0.5998391597466839,3.0,28.0,10.714285714285714,0.0,-0.07877001855785715,0.3878240176035715
2011,3,1.1178573661290323,0.3453721991155133,0.06203067813379321,1.1683489384174084,20.0,31.0,64.51612903225806,10.0,0.2695681618187097,-0.1891480982096775
2011,4,0.9413861176666666,0.5637159607124699,0.10291998256930525,1.0924243608073905,12.0,30.0,40.0,2.0,-0.006507895473333311,0.35660642727666675
2011,5,1.5436429977419355,0.6667412636222965,0.11975026602659611,1.6772112242889758,24.0,31.0,77.41935483870968,11.0,0.2106060367612903,0.785108594367742
2011,6,0.6791252076666666,0.31808045914841465,0.058073280859062396,0.7476722010551307,3.0,30.0,10.0,3.0,0.14776642888000005,-0.18363111943500002
2011,7,1.0109919648387098,0.44874178407692,0.08059640366116903,1.103167331578423,14.0,31.0,45.16129032258065,5.0,-0.34194713709677427,-0.12357657242580647
2011,8,1.0115444735161292,0.5904252882191249,0.10604351221484155,1.1664386037793846,19.0,31.0,61.29032258064516,0.0,-0.3243814540490323,-0.7259424446709678
2011,9,0.9066917783333335,0.2731850030578694,0.04987652951563762,0.945638598300887,9.0,30.0,30.0,4.0,0.4537067098400001,-0.31145429928333335
2011,10,1.8293501125806453,0.8200126532018884,0.1472786202441022,1.9993127803895552,26.0,31.0,83.87096774193549,1.0,-0.9770885948180643,-0.23471307838709676
2011,11,1.4278005003333332,0.4050683852570611,0.07395503064582848,1.4823040575162216,29.0,30.0,96.66666666666667,7.0,0.08573490687733333,-0.4980956056666666
2011,12,1.3884144254838713,0.5218419670758633,0.09372558410690675,1.4802800986222617,21.0,31.0,67.74193548387096,19.0,1.2528018945161294,0.038861887574193545
2012,1,1.0838557522580647,0.43128381689063544,0.07746086019190286,1.1639367841738573,16.0,31.0,51.61290322580645,7.0,0.5890814328612903,0.7552332140419356
2012,2,1.9624444827586205,0.5519239799408009,0.10248971010313142,2.0360020350840564,29.0,29.0,100.0,0.0,-0.7244076816482757,0.05802886387931037
2012,3,2.275805190322581,0.6023637524008547,0.10818772367993697,2.35168594224454,31.0,31.0,100.0,11.0,1.0052773462419355,0.7064935703225806
2012,4,1.3927647229999998,0.728993465988134,0.13309538853185868,1.5663686234849743,20.0,30.0,66.66666666666667,1.0,-0.5014254780066666,0.069400100009
2012,5,0.5083143445161291,0.23589804320672897,0.042368539297669754,0.558781054177222,0.0,31.0,0.0,0.0,-0.1193343148419355,0.25578079649354835
2012,6,1.5851710730000002,0.4043306638326784,0.07382034175739872,1.6342586005691284,26.0,30.0,86.66666666666667,6.0,-0.5480528586666666,0.26888229231
2012,7,1.000673502580645,0.2287376215029255,0.04108248959491906,1.0256610489369846,16.0,31.0,51.61290322580645,0.0,0.08486579964193548,-0.5020887674903225
2012,8,1.4237936377419353,0.40469864037191633,0.0726860215338232,1.47840659314915,26.0,31.0,83.87096774193549,0.0,-0.4018407010129033,-0.721597503483871
2012,9,1.1895103533333333,0.3625899184776711,0.06619955915805989,1.241782568743866,18.0,30.0,60.0,17.0,0.9910321401100001,-0.08495794357
2012,10,1.05932045,0.46102337742607474,0.082802242944014,1.1523220725495922,19.0,31.0,61.29032258064516,1.0,-0.1830810858387097,-0.13080938209032256
2012,11,0.7542804866666668,0.2623771407880055,0.0479032928610998,0.7971738148655261,7.0,30.0,23.333333333333332,1.0,0.26477487551333334,-0.031497895886666655
2012,12,0.8817284803225806,0.3991548827568628,0.07169033327300826,0.9652099406635933,11.0,31.0,35.483870967741936,0.0,-0.31613569560000004,-0.5554139177096774
2013,1,1.989185853870968,0.43631500198321466,0.07836448771000816,2.0349668668707928,30.0,31.0,96.7741935483871,8.0,0.3113533058129032,1.3486391254064514
2013,2,1.6343154739285717,0.31248750316991775,0.05905458722879359,1.6628734358594397,26.0,28.0,92.85714285714286,7.0,-0.10346311941785716,-0.25965292464285716
2013,3,1.2088788780645165,0.45922386344794247,0.08247904069247015,1.2905316371313906,24.0,31.0,77.41935483870968,1.0,-0.03968132315161291,0.6642769769225805
2013,4,0.9100850366666667,0.4904631394346124,0.0895459083643796,1.0299467925110608,13.0,30.0,43.333333333333336,5.0,0.21250469647999998,-0.2569721808985
2013,5,1.1968175954838711,0.6252372048938618,0.1122959170233386,1.3456164186955994,18.0,31.0,58.064516129032256,3.0,-0.41313152559999994,-0.42255841887741935
2013,6,1.2253081406666666,0.6158309158489365,0.11243482807317606,1.366742904110169,20.0,30.0,66.66666666666667,8.0,-0.21283242002666672,0.14999996465333332
2013,7,0.8870305335483871,0.5925357234716384,0.1064225575757772,1.0614122621659432,10.0,31.0,32.25806451612903,0.0,-0.45744676235806453,-0.2797568237064516
2013,8,0.912353013548387,0.5760779340781702,0.10346665134107029,1.074033732953887,13.0,31.0,41.935483870967744,0.0,-0.6815927915258063,0.16058763098064516
2013,9,1.5937026506666667,0.41678979213946893,0.0760950569642255,1.6455428927497553,25.0,30.0,83.33333333333333,13.0,0.4871012296666667,-0.02648607353333331
2013,10,0.8202488128741937,0.5013679586500237,0.0900483436398851,0.9571150614164052,13.0,31.0,41.935483870967744,5.0,0.3009698636677419,0.46800223815774195
2013,11,0.6853039573333335,0.31799786728327767,0.05805820171652841,0.7532552042613998,4.0,30.0,13.333333333333334,1.0,0.18167717699666666,-0.3149318772403333
2013,12,1.0410569158064515,0.40390723661042566,0.07254388122221554,1.1143060365231487,17.0,31.0,54.83870967741935,7.0,0.5729316777419354,-0.45120143073870966
2014,1,1.1766352048387094,0.7210184057101726,0.12949872852443928,1.3738879233580972,19.0,31.0,61.29032258064516,4.0,0.4363722177967742,0.8749373446225807
2014,2,1.4348881624999998,0.6114329248995524,0.11554996162007486,1.5554428523425239,24.0,28.0,85.71428571428571,8.0,0.15137448777499998,0.9642586768285716
2014,3,1.5816916796774194,0.6214711087611018,0.11161950618995237,1.6957346474090338,23.0,31.0,74.19354838709677,0.0,-1.1934016475193545,-0.018240884903225806
2014,4,1.319227167666667,0.5326157489474627,0.09724188672701124,1.4193603740426366,20.0,30.0,66.66666666666667,9.0,0.5408305632533331,0.20990536466666665
2014,5,1.4339224977419354,0.7335093337245644,0.13174216542305883,1.605245674045306,19.0,31.0,61.29032258064516,0.0,-0.8917322724064515,-0.7326631229032258
2014,6,1.1086790509999997,0.4813786826766736,0.08788732106804516,1.2054752146175685,15.0,30.0,50.0,11.0,0.4478466145699999,-0.1078577303333333
2014,7,1.1528067432258065,0.39187011136060723,0.07038194970618779,1.2155541750823864,22.0,31.0,70.96774193548387,9.0,0.4699779743580645,0.7067503554064517
2014,8,1.2150309538709674,0.26098399960996177,0.04687411007410289,1.2418597685414272,27.0,31.0,87.09677419354838,0.0,-0.7560971243354839,-0.794637452903226
2014,9,0.649377995,0.3891612635042889,0.07105080084283699,0.7537174889188031,6.0,30.0,20.0,6.0,0.17847422350666667,-0.19285316543039005
2014,10,0.98808749,0.43317907244725057,0.07780125813856666,1.076061318388881,13.0,31.0,41.935483870967744,0.0,-0.4480370410161291,-0.17012230507419354
2014,11,1.4682012086666667,0.5778730449159313,0.10550470069155053,1.5743000995053824,23.0,30.0,76.66666666666667,3.0,-0.14408062553666667,-0.8618941443866668
2014,12,1.3856411206451613,0.5440297856083024,0.09771063395574076,1.4854030950768082,24.0,31.0,77.41935483870968,11.0,0.8296764707870967,-0.054006663832258064
2015,1,1.595519382903226,0.7724470155510523,0.13873557952772766,1.767231997228073,23.0,31.0,74.19354838709677,8.0,0.5511057403322581,1.1414397964580647
2015,2,0.8730502682142857,0.3949144351536478,0.07463181318329257,0.9553032368744153,13.0,28.0,46.42857142857143,0.0,-0.18621894428571426,0.6619193020428572
2015,3,2.5235438870967744,1.1250291972723894,0.20206120876504763,2.755564499831434,29.0,31.0,93.54838709677419,7.0,-0.7758147538709679,0.9195735446645159
2015,4,0.9544394936666666,0.5145204138302193,0.09393814565056804,1.0802136955762207,13.0,30.0,43.333333333333336,0.0,0.035087555146666685,-0.7018380850406666
2015,5,0.751002624516129,0.35499514764336865,0.06375901071052678,0.8282277980324411,6.0,31.0,19.35483870967742,0.0,-0.483707661016129,0.24753043929677426
2015,6,1.9929203833333333,0.49478374528552543,0.09033473945992422,2.0514341919132963,30.0,30.0,100.0,11.0,0.2611099226,-0.6273238446
2015,7,1.8379903345161288,1.2051312563193162,0.21644796327313748,2.1871671390013603,22.0,31.0,70.96774193548387,0.0,-0.8007875855064516,0.9579883016741937
2015,8,0.8428048241935484,0.25376372700629296,0.04557731083240531,0.8789986971351713,8.0,31.0,25.806451612903224,0.0,-0.38151900383225806,0.4967828285967741
2015,9,0.6297751352800002,0.3587972014447509,0.06550710693367175,0.7218455317605754,5.0,30.0,16.666666666666668,0.0,-0.40975973642666674,0.10049515714333336
2015,10,1.5348366948387098,1.001991083742642,0.17996291122373273,1.8240951626236632,15.0,31.0,48.38709677419355,0.0,-0.9814856670967742,-0.583368740716129
2015,11,1.8664467500000002,0.3934842547967578,0.07184006745843154,1.906119706121861,30.0,30.0,100.0,1.0,0.29269114173166666,-1.7439856193333334
2015,12,1.905701525483871,0.676536996379513,0.12150963156702957,2.018572768353475,27.0,31.0,87.09677419354838,15.0,1.277375299032258,0.1980840006548387
2016,1,1.397440465735484,0.6774152378100204,0.12166736838440828,1.548201637759961,25.0,31.0,80.64516129032258,6.0,-0.23628268208387104,0.08935048187870968
2016,2,2.0595920172413793,0.4867574428092373,0.0903885879526583,2.114398729847927,29.0,29.0,100.0,14.0,0.48967816665172414,1.008407021737931
2016,3,1.2421979758064519,0.3245607409874127,0.05829282991107813,1.2825745325979703,22.0,31.0,70.96774193548387,10.0,-0.028425663158064527,0.20440105684516127
2016,4,0.6606036036666667,0.3379489205003372,0.061700749014184916,0.739458999279756,5.0,30.0,16.666666666666668,1.0,-0.09785284619666665,-0.2957654558763333
2016,5,1.3503781812903226,0.661630245156298,0.11883230001134602,1.4990512660628241,21.0,31.0,67.74193548387096,8.0,0.5689049520741937,-0.8635225562174194
2016,6,1.559808268666667,0.7375808676889856,0.13466322640583023,1.72014336229156,20.0,30.0,66.66666666666667,9.0,0.5661642496933332,-0.7133492125633333
2016,7,1.0086871877419357,0.4966309661581958,0.08919755467269179,1.120774712197938,13.0,31.0,41.935483870967744,0.0,-0.1419781291645162,-0.563517171248387
2016,8,1.3634238690322582,0.4448193289657726,0.07989190992624494,1.4319239382023017,22.0,31.0,70.96774193548387,5.0,0.7320630941935482,1.0026968859451613
2016,9,0.9987363606666667,0.4534503347278802,0.08278832567957606,1.093726481947702,15.0,30.0,50.0,15.0,0.72801606316,-0.08192258236000005
2016,10,0.679895919032258,0.47295691530991807,0.08494556961988964,0.8238512940198275,6.0,31.0,19.35483870967742,6.0,0.29672814416387105,0.3847874199354838
2016,11,1.4056047909999998,0.5537272191404738,0.1010962962092813,1.5073547029786856,23.0,30.0,76.66666666666667,3.0,-0.23248564273999997,0.0399581092166667
2016,12,0.6025583080645162,0.2514866732722061,0.045168339908763434,0.651369236701412,2.0,31.0,6.451612903225806,0.0,0.21597560437096774,0.09756067541935483
2017,1,1.207586598064516,0.5207363085115554,0.09352700196652575,1.3117486019548208,18.0,31.0,58.064516129032256,4.0,-0.15620656334838706,-0.46341426117096784
2017,2,2.4321617928571433,0.6149427884238837,0.11621326347872896,2.50600480786854,28.0,28.0,100.0,4.0,-0.9060633092857142,0.2296372589821429
2017,3,0.7525501162903228,0.5071713545539658,0.09109066431399357,0.9029158052019678,8.0,31.0,25.806451612903224,2.0,0.42572607341612906,-0.5395821568064517
2017,4,0.7843319514433332,0.41919333721754903,0.07653388224997383,0.8860260881544292,10.0,30.0,33.333333333333336,0.0,-0.3732848675633333,0.5491908102699999
2017,5,1.3503042366709677,0.5864871376509095,0.10533619949261032,1.4683980997256756,22.0,31.0,70.96774193548387,0.0,-0.5297857454064514,-0.4729416078612903
2017,6,1.010765505,0.4592894015854762,0.0838543885571381,1.1070510837474297,13.0,30.0,43.333333333333336,2.0,-0.43834039243333334,-0.46504902653339997
2017,7,1.0194311058064516,0.23374827822096378,0.04198243010811481,1.0450433065759748,20.0,31.0,64.51612903225806,6.0,0.34705208553577416,-0.4093903958941936
2017,8,0.560064344016129,0.35850843337009175,0.06439001545458124,0.6618567006123404,4.0,31.0,12.903225806451612,0.0,-0.07585871343225807,-0.12662655820967741
2017,9,0.5864452456666667,0.28527451639242346,0.05208376256983587,0.6500668100622713,3.0,30.0,10.0,1.0,0.24266444060399997,-0.035463051216666645
2017,10,2.023715162258065,0.9590046019554235,0.17224231117927088,2.2328111139916174,24.0,31.0,77.41935483870968,12.0,0.8853413216129031,0.8830719952454839
2017,11,0.8390316453333334,0.39246777873015837,0.07165448516815133,0.923509985851497,6.0,30.0,20.0,5.0,0.4170108999233334,-0.20183345163000002
2017,12,1.455329965483871,0.3977279019386406,0.07143403995216506,1.5070069576322171,26.0,31.0,83.87096774193549,5.0,-0.040055550783870957,0.7052040654032259
2018,1,2.243822596774194,0.6619036844767812,0.11888141116308741,2.336391136646066,31.0,31.0,100.0,12.0,0.9257907208225808,-0.4845860038709677
2018,2,2.449217742857143,0.8027730179333622,0.15170984033460508,2.572954759531097,28.0,28.0,100.0,0.0,-1.1028061825,1.3078334053571428
2018,3,1.135997541935484,0.46921379834021854,0.08427328596602521,1.2261933033208121,18.0,31.0,58.064516129032256,0.0,0.365983007148387,-0.29845994307096785
2018,4,1.491982743666667,0.9161779728015809,0.16727044746426012,1.7428181725730985,18.0,30.0,60.0,0.0,-0.74442276881,-0.20054344304333335
2018,5,1.7735262777419354,0.5011831442147939,0.09001514998742675,1.8407817020654387,27.0,31.0,87.09677419354838,2.0,-1.0118249293548391,-0.8740166167741938
2018,6,1.099695321,0.5033230526232209,0.09189379654469927,1.2059102058146172,21.0,30.0,70.0,4.0,-0.31501413007999995,-0.12822002868666665
2018,7,1.467056632580645,0.7589889692556928,0.1363184430581593,1.6461277899157407,22.0,31.0,70.96774193548387,11.0,0.7894040116129032,0.8789099145451614
2018,8,1.160482328064516,0.6108587842943166,0.10971347644888928,1.3068399447465129,15.0,31.0,48.38709677419355,0.0,0.3420801291290323,0.8898616522067743
2018,9,1.0746740603333333,0.5467869410032167,0.09982918057890273,1.2016382273837385,16.0,30.0,53.333333333333336,0.0,-0.7722294448833333,0.31556964063
2018,10,1.3722014609677422,0.7190405197437252,0.12914348971806097,1.543786927519071,22.0,31.0,70.96774193548387,0.0,-0.9648351090161291,-0.3895000290129033
2018,11,1.3713922473333333,0.3579596424145628,0.06535419027564636,1.415832133925822,24.0,30.0,80.0,6.0,0.13989667887666665,-0.10551448570000001
2018,12,2.266200470967742,0.43994102388989614,0.0790157404697134,2.307156083119157,31.0,31.0,100.0,18.0,1.290182469232258,-0.45614117019677425
2019,1,1.75703085,0.6150848771210163,0.11047250512742188,1.8583010088587828,27.0,31.0,87.09677419354838,10.0,0.1963882922580645,0.8464006467741935
2019,2,1.7487797142857144,0.33772154043321917,0.06382337202685305,1.7799474444918122,28.0,28.0,100.0,0.0,-1.021756966785714,0.6751185669714285
2019,3,1.1146516216129032,0.8905194532609783,0.15994201536365646,1.4177064879310945,13.0,31.0,41.935483870967744,8.0,0.6009302474580642,-0.6581908809687097
2019,4,1.0698441273333332,0.8732911901531222,0.1594404280391328,1.371780853305431,13.0,30.0,43.333333333333336,3.0,0.05248583901000003,-0.7902051365592334
2019,5,1.8545051290322576,0.37716584973948375,0.06774098635664519,1.8912573887718422,31.0,31.0,100.0,3.0,-0.9290831523451613,0.4274375764580646
2019,6,1.3048570076666668,0.5964272908060965,0.10889222702873087,1.430566253819735,15.0,30.0,50.0,6.0,0.50350235983,-0.36908445473999996
2019,7,0.8737279109677418,0.37451427308148255,0.06726474913013773,0.9482282724482882,10.0,31.0,32.25806451612903,0.0,-0.38982570741290334,-0.38361284656709677
2019,8,0.9542141777419354,0.40513719961277717,0.07276478909873464,1.0341016067008204,12.0,31.0,38.70967741935484,11.0,0.569902684449355,-0.2520621713258065
2019,9,1.6799940163333338,0.7004005831183306,0.12787506622122724,1.8156510785906026,25.0,30.0,83.33333333333333,7.0,-0.677712537,0.05235216856
2019,10,1.5321089774193548,0.40683344475354616,0.0730694437195539,1.583518937952285,27.0,31.0,87.09677419354838,1.0,-0.8833014448387098,-0.7452113497354838
2019,11,1.5540973666666664,0.6375174776788516,0.11639423444283441,1.6757385063352632,22.0,30.0,73.33333333333333,7.0,-0.11562880728000001,0.502673026072
2019,12,0.9795201067741935,0.3434321239475427,0.061682230347295204,1.036146980786718,16.0,31.0,51.61290322580645,0.0,-0.07022735306451612,-0.2469159641935484
2020,1,2.0013102467741937,1.1770681039758946,0.21140767232067384,2.312150259244573,21.0,31.0,67.74193548387096,9.0,1.0035916241935483,1.0082404386774193
2020,2,1.1914182100000004,0.49136727114624057,0.09124461158463629,1.2855324060987634,18.0,29.0,62.06896551724138,8.0,0.5640794710344829,0.646182825882069
2020,3,1.5168983709677422,0.4307546159722903,0.07736581290113065,1.5749745198002956,28.0,31.0,90.3225806451613,11.0,0.7616158964516128,-0.5188404248387097
2020,4,1.6374265986666667,0.4615645671810754,0.08426977506339456,1.6991487047074214,26.0,30.0,86.66666666666667,2.0,-0.36173394433333333,-0.521191456
2020,5,1.1646890893548387,0.41393711312977,0.07434530022376364,1.233822266302181,23.0,31.0,74.19354838709677,6.0,0.033385290841935436,-0.25301416063870963
2020,6,1.3547168013333335,0.2464214712575532,0.04499019948712427,1.3762111158036996,26.0,30.0,86.66666666666667,0.0,-0.7631733321066668,-0.973934511
2020,7,1.501213069032258,0.43874550451580085,0.07880101885145015,1.5620271110944424,27.0,31.0,87.09677419354838,2.0,-0.5695896803225806,-1.199996177096774
2020,8,1.5708076487096776,0.48916437169957205,0.08785651471983923,1.6428632580365126,26.0,31.0,83.87096774193549,9.0,-0.15967926064516125,-0.1797779211354839
2020,9,1.1078213236666665,0.2963340025170565,0.05410293924479484,1.1454932554072146,18.0,30.0,60.0,15.0,0.9381317210000001,-0.18123514603100002
2020,10,1.8443815480645163,0.5593368457530311,0.10045986311617676,1.9247100607001797,30.0,31.0,96.7741935483871,24.0,1.4931747565419355,0.6882541004770969
2020,11,1.0659901883333331,0.2787495791964972,0.05089247747366476,1.1006572424064416,16.0,30.0,53.333333333333336,3.0,-0.14844066521333335,-0.3065466573333333
2020,12,0.8462182629741937,0.43106103243869703,0.0774208469231256,0.9465225695882179,13.0,31.0,41.935483870967744,11.0,0.6953177345096775,0.19067643926096778
2021,1,1.3812992767741936,0.5144123476284723,0.0923911850621141,1.4710783882350948,25.0,31.0,80.64516129032258,3.0,0.49299734161000014,0.08641934741935486
2021,2,1.7109776275,0.6159361124807048,0.11640098408056083,1.814737597386589,24.0,28.0,85.71428571428571,4.0,0.05344927089999999,1.5857486575000002
2021,3,1.1486161170967741,0.3374990967119824,0.06061662719871932,1.1956380092832972,20.0,31.0,64.51612903225806,5.0,-0.3348693383548386,-0.291724646732258
2021,4,2.1312086966666666,0.5662058633360835,0.10337457451362007,2.202714980601875,30.0,30.0,100.0,4.0,-0.5842485214866666,1.4856743297100001
2021,5,1.6188268058064514,0.9107174305249041,0.1635696791704738,1.8502030768311544,23.0,31.0,74.19354838709677,6.0,-0.30780396414193556,-0.5987102853709678
2021,6,1.2543668813333333,0.35118753434179073,0.06411777815787299,1.3010218552303714,24.0,30.0,80.0,0.0,-0.917235017,-0.2451607732
2021,7,1.2697446645161292,0.2837590060911935,0.05096462199182627,1.3000666497954132,24.0,31.0,77.41935483870968,4.0,0.3827399663967744,-0.09488936156129041
2021,8,1.332849639032258,0.6322493390974225,0.1135553335048214,1.4708271731546698,22.0,31.0,70.96774193548387,0.0,-0.8038796360387096,-0.8250745804709677
2021,9,1.1671690799999999,0.3805999321804553,0.06948772274672392,1.2256881438895,20.0,30.0,66.66666666666667,8.0,0.7449561687633334,-0.78873597432
2021,10,1.1958632022580649,0.5455650234610324,0.09798637081396327,1.3107740707206785,15.0,31.0,48.38709677419355,11.0,0.45405516483870983,0.11976316803870966
2021,11,1.0642061103333333,0.19479248375953542,0.035564079129185425,1.0813019713640148,22.0,30.0,73.33333333333333,17.0,0.81462095464,-0.41506597991333344
2021,12,2.0681916483870966,0.2539273002622442,0.04560668945644393,2.0832224552729435,31.0,31.0,100.0,1.0,0.08230786104193555,1.8942223387096775
2022,1,1.154126936129032,0.6303037250615285,0.11320589090827712,1.3101435786923086,15.0,31.0,48.38709677419355,0.0,-0.4398891612258065,0.924132520967742
2022,2,1.2939472457142858,0.3919272146769742,0.07406728157667841,1.349970538232549,20.0,28.0,71.42857142857143,3.0,0.535483318935,-1.0922399217857142
2022,3,1.0719917463806452,0.7655787895691188,0.13750200972585436,1.310103196190168,15.0,31.0,48.38709677419355,4.0,0.16646138476193548,-0.7742409646425805
2022,4,0.6809799073333335,0.34507092871656647,0.06300104386577356,0.7608143324812249,7.0,30.0,23.333333333333332,0.0,-0.2514808096766666,-0.11387426269666666
2022,5,1.2369349422580647,0.5325399602053742,0.09564700039401293,1.3433013481382836,21.0,31.0,67.74193548387096,2.0,-0.32699639602419356,0.3634845875870968
2022,6,1.7460144566666669,0.3304983489002961,0.06034046697030163,1.7759939947985814,30.0,30.0,100.0,0.0,-1.1841520453333338,-0.633236062
2022,7,0.990652775483871,0.4237508473820285,0.07610789892815104,1.0747861601042443,14.0,31.0,45.16129032258065,7.0,0.18780741064838705,-0.35134349594838704
2022,8,0.962351660967742,0.5431349045246301,0.09754990856842974,1.1007271502141853,14.0,31.0,45.16129032258065,3.0,-0.19781484886483874,-0.4701108132612903
2022,9,0.4595435140100001,0.17209153667058347,0.031419472196735354,0.4897025168703754,0.0,30.0,0.0,0.0,0.27512142704333337,-0.12768065780666665
2022,10,1.5040083503225805,0.3801381482462964,0.068274826927675,1.5498014961923896,28.0,31.0,90.3225806451613,9.0,0.6591511922580645,1.0315331135998063
2022,11,1.2876559716666667,0.4670302663270173,0.08526767063498425,1.367078854850296,22.0,30.0,73.33333333333333,6.0,-0.04266385430999999,0.8131484544799998
2022,12,1.0273198254935483,0.5430919913113258,0.09754220112779328,1.1579380181502554,15.0,31.0,48.38709677419355,12.0,0.7208648494387098,0.04447407159354839
2023,1,1.3139867793548388,0.5238898745199992,0.09409339914193368,1.4114419184584956,21.0,31.0,67.74193548387096,0.0,-0.12656835865483865,-0.2954860546387097
2023,2,1.6429285778571432,0.48205416675779184,0.09109967455025546,1.709763545325809,24.0,28.0,85.71428571428571,6.0,0.4302240567285715,0.5367483721428571
2023,3,2.51316421,1.304999705648503,0.23438486627785174,2.8220705718722763,27.0,31.0,87.09677419354838,0.0,-1.655123950283871,0.3283029698580645
2023,4,1.6909603039999999,0.5445119690400676,0.09941382942493322,1.7736845617670394,24.0,30.0,80.0,0.0,-0.6686078813966666,0.5253190116666667
2023,5,1.6563232422580643,0.36540693974240407,0.06562902377511402,1.694881041753226,30.0,31.0,96.7741935483871,7.0,0.16701056171612896,0.9646858638258065
2023,6,1.1452140906,0.4122327335360022,0.07526305569989493,1.2148195801657395,21.0,30.0,70.0,0.0,-0.3809827303366666,-0.6810147679433333
2023,7,0.7976125261290323,0.3082924250127821,0.055370954106987585,0.8533252712767155,7.0,31.0,22.580645161290324,0.0,0.09427753913870966,-0.19286848038064516
2023,8,0.9138732870967742,0.3739487902725262,0.06716318541944417,0.9851351121240488,14.0,31.0,45.16129032258065,0.0,-0.8005228230419354,0.2010057443790323
2023,9,0.8482362092433333,0.44173006614773624,0.0806485071857881,0.9529564188876044,9.0,30.0,30.0,4.0,0.556993209714,-0.44401384086999995
2023,10,1.3481443029032258,0.31936365479157736,0.057359405675215934,1.3842673528017788,25.0,31.0,80.64516129032258,0.0,-1.212950738572258,0.06748058496451616
2023,11,1.3793660156666665,0.6427398481551753,0.11734770448067824,1.5172325575981382,22.0,30.0,73.33333333333333,0.0,-0.6423574470147,-0.7012804585133333
2023,12,1.5088745183870966,0.45149278091676737,0.08109049727946452,1.5728866375898864,25.0,31.0,80.64516129032258,10.0,0.05028513508709678,-0.12486576613548386
2024,1,2.1301259990322583,0.5845137359689235,0.10498176608749708,2.2063707549001537,30.0,31.0,96.7741935483871,11.0,0.9479478824741934,0.09913260372354842
2024,2,1.3203692534482754,0.736032708110943,0.13667784264203287,1.5054694550841625,19.0,29.0,65.51724137931035,0.0,-0.3664697853406897,0.9590727539206898
2024,3,2.1925623516129034,0.5223212606670553,0.09381166777711229,2.2519654828713525,31.0,31.0,100.0,10.0,0.42278411959032264,0.10187447838709679
2024,4,0.9224413806666668,0.39882152480707106,0.07281451518514634,1.0023246758381317,15.0,30.0,50.0,4.0,0.20306711271699998,-0.7300165249826666
2024,5,1.1610660574193552,0.4536272073316682,0.08147385158036671,1.243870589905362,23.0,31.0,74.19354838709677,9.0,0.5076548216129032,-0.7718636449332258
2024,6,0.6628132326966666,0.3379455066843461,0.06170012573950975,0.7414321556350748,6.0,30.0,20.0,0.0,-0.25969889614,-0.4347433991203333
2024,7,0.9624826951612904,0.29411293594478227,0.05282424269034412,1.0050298288902637,12.0,31.0,38.70967741935484,3.0,0.5069708138709679,-0.12361879161290323
2024,8,1.2579586129032256,0.3218020695634571,0.05779735789678594,1.297179983338042,26.0,31.0,83.87096774193549,6.0,-0.3255651731032258,-0.7349773759419354
2024,9,1.3331643233333332,0.41606184268858115,0.07596215218590059,1.3945122162912478,22.0,30.0,73.33333333333333,10.0,0.4226956230633333,0.4913670217643334
2024,10,1.5537392229032254,0.6823669775159922,0.1225567270898573,1.6925454538762772,21.0,31.0,67.74193548387096,12.0,0.7221115799774194,0.2277067655483871
2024,11,1.6787422696666665,0.4121396783511041,0.07524606622527442,1.7269547625674984,29.0,30.0,96.66666666666667,5.0,-0.2670628073333333,-0.8014545415900002
2024,12,1.9293435774193546,0.46343387614999737,0.08323518129535927,1.9824755993170393,31.0,31.0,100.0,22.0,1.449886576129032,0.805633439083871
2025,1,1.5914789483870966,0.5718066816934831,0.10269951176648598,1.6879635466062461,25.0,31.0,80.64516129032258,7.0,-0.10404966064516133,-0.4779373729032258
2025,2,1.714150855,0.5389335047610917,0.10184885905702093,1.7939869804878987,25.0,28.0,89.28571428571429,2.0,-0.1994442872107143,1.1957801323107142
2025,3,1.34778881516129,0.5602322319536299,0.10062067922516592,1.456114804164111,20.0,31.0,64.51612903225806,2.0,-0.4079172114419355,-0.4381973010741936
2025,4,0.6731064853333332,0.3425873803250828,0.06254761204021646,0.7526793806023003,6.0,30.0,20.0,0.0,-0.17848868961599998,0.4104603801266667
2025,5,0.6787656012870968,0.3679781473022252,0.06609082628546922,0.7692611137081583,8.0,31.0,25.806451612903224,3.0,0.1239937282967742,0.014197469448741932
2025,6,0.8164149247633332,0.4279263245001702,0.07812830029300628,0.9184499100494647,9.0,30.0,30.0,0.0,-0.03715620543666666,0.22147496540933329
2025,7,1.1407249212903228,0.5310912090162736,0.09538679699913287,1.254676283869838,20.0,31.0,64.51612903225806,10.0,0.3539673532612903,0.5424121689896775
2025,8,1.1222623299999999,0.35912218572622884,0.06450024863187488,1.1765548009099442,20.0,31.0,64.51612903225806,0.0,-0.11564079206774194,-0.705591001551613
2025,9,0.7345473199333333,0.32993654614749074,0.0602378962901083,0.8029877244114757,5.0,30.0,16.666666666666668,0.0,-0.10433221920333334,-0.41014813258
2025,10,1.3532173783870969,0.610763219162561,0.10969631244453709,1.4806065318263095,22.0,31.0,70.96774193548387,10.0,0.21053477307419358,-0.6082795532645161
2025,11,1.7689699263333332,0.545143726876954,0.09952917209764767,1.848385843682701,29.0,30.0,96.66666666666667,9.0,0.8147018469999999,1.4040701163333331
2025,12,0.8503830506,0.73658786401169,0.1322950857850766,1.117233648094339,10.0,31.0,32.25806451612903,1.0,-0.36575186356774203,0.5222661201225807
2026,1,1.5744102861290323,0.6991475469134603,0.12557060632467082,1.7180823799373723,24.0,31.0,77.41935483870968,0.0,0.1378596933806451,1.3783869697064517
2026,2,1.00473995,0.2785834812531275,0.05264732934045713,1.041316177664801,14.0,28.0,50.0,3.0,-0.02012506031785713,-0.5546296692714286
2026,3,1.0576013293548385,0.28201475295136996,0.050651344879837114,1.0933834341150446,17.0,31.0,54.83870967741935,2.0,-0.40455700851290316,0.5872358557161291
2026,4,1.7087997313333334,0.6503617315458908,0.11873926363526786,1.824518536747598,25.0,30.0,83.33333333333333,0.0,-1.0073940310898666,-0.14699676433333334
2026,5,1.3669006203225806,0.5952947927089514,0.10691810103945758,1.4870647987679508,22.0,31.0,70.96774193548387,0.0,-0.15945854096774195,-0.17715487979032252
2026,6,1.5008919429999998,0.7830193146984684,0.14295911387419588,1.6868190666202105,20.0,30.0,66.66666666666667,0.0,-1.1226008816666666,0.27621285677
2026,7,1.6601284722580647,0.5186647042242599,0.09315493085282608,1.736767623681343,28.0,31.0,90.3225806451613,0.0,-1.1394352916129036,1.1116065109677418
2026,8,0.988677181332258,0.37693301566351894,0.0676991681221094,1.0559251345715128,19.0,31.0,61.29032258064516,0.0,0.10274376906774192,0.8962578894232258
2026,9,0.8532054573333333,0.25710555311709266,0.06638436836266308,0.8886258681268056,6.0,15.0,40.0,0.0,-0.5693419126666667,0.397810774
