Year,Month,Season,SST_Total,ONI_Anomaly
1950,1,DJF,25.01,-1.32
1950,2,JFM,25.36,-1.2
1950,3,FMA,25.88,-1.12
1950,4,MAM,26.24,-1.08
1950,5,AMJ,26.35,-1.1
1950,6,MJJ,26.32,-0.9
1950,7,JJA,26.24,-0.62
1950,8,JAS,25.94,-0.57
1950,9,ASO,25.76,-0.56
1950,10,SON,25.6,-0.62
1950,11,OND,25.55,-0.66
1950,12,NDJ,25.41,-0.79
1951,1,DJF,25.67,-0.66
1951,2,JFM,26.2,-0.36
1951,3,FMA,26.96,-0.04
1951,4,MAM,27.48,0.16
1951,5,AMJ,27.72,0.27
1951,6,MJJ,27.72,0.5
1951,7,JJA,27.57,0.71
1951,8,JAS,27.41,0.9
1951,9,ASO,27.34,1.02
1951,10,SON,27.25,1.03
1951,11,OND,27.18,0.96
1951,12,NDJ,26.91,0.71
1952,1,DJF,26.86,0.52
1952,2,JFM,26.82,0.27
1952,3,FMA,27.33,0.33
1952,4,MAM,27.5,0.18
1952,5,AMJ,27.38,-0.07
1952,6,MJJ,26.78,-0.44
1952,7,JJA,26.41,-0.45
1952,8,JAS,26.31,-0.2
1952,9,ASO,26.35,0.03
1952,10,SON,26.26,0.04
1952,11,OND,26.11,-0.11
1952,12,NDJ,26.25,0.06
1953,1,DJF,26.58,0.25
1953,2,JFM,27.06,0.5
1953,3,FMA,27.48,0.48
1953,4,MAM,27.88,0.56
1953,5,AMJ,28.22,0.77
1953,6,MJJ,27.96,0.74
1953,7,JJA,27.49,0.63
1953,8,JAS,27.19,0.68
1953,9,ASO,26.91,0.59
1953,10,SON,27.0,0.78
1953,11,OND,26.74,0.52
1953,12,NDJ,26.76,0.56
1954,1,DJF,26.74,0.41
1954,2,JFM,26.91,0.35
1954,3,FMA,27.01,0.01
1954,4,MAM,27.04,-0.27
1954,5,AMJ,26.97,-0.48
1954,6,MJJ,26.74,-0.48
1954,7,JJA,26.18,-0.67
1954,8,JAS,25.68,-0.83
1954,9,ASO,25.58,-0.73
1954,10,SON,25.7,-0.52
1954,11,OND,25.82,-0.4
1954,12,NDJ,25.76,-0.44
1955,1,DJF,25.83,-0.5
1955,2,JFM,26.08,-0.48
1955,3,FMA,26.42,-0.58
1955,4,MAM,26.56,-0.76
1955,5,AMJ,26.67,-0.78
1955,6,MJJ,26.34,-0.88
1955,7,JJA,26.13,-0.72
1955,8,JAS,25.59,-0.92
1955,9,ASO,25.21,-1.11
1955,10,SON,24.78,-1.44
1955,11,OND,24.63,-1.59
1955,12,NDJ,24.73,-1.51
1956,1,DJF,25.2,-1.17
1956,2,JFM,25.82,-0.81
1956,3,FMA,26.47,-0.57
1956,4,MAM,26.84,-0.51
1956,5,AMJ,27.0,-0.49
1956,6,MJJ,26.81,-0.47
1956,7,JJA,26.37,-0.55
1956,8,JAS,26.02,-0.52
1956,9,ASO,25.9,-0.43
1956,10,SON,25.85,-0.39
1956,11,OND,25.87,-0.37
1956,12,NDJ,25.87,-0.39
1957,1,DJF,26.11,-0.27
1957,2,JFM,26.57,-0.06
1957,3,FMA,27.3,0.26
1957,4,MAM,27.99,0.63
1957,5,AMJ,28.21,0.72
1957,6,MJJ,28.09,0.82
1957,7,JJA,27.88,0.96
1957,8,JAS,27.57,1.03
1957,9,ASO,27.45,1.12
1957,10,SON,27.38,1.15
1957,11,OND,27.63,1.39
1957,12,NDJ,27.87,1.62
1958,1,DJF,28.07,1.69
1958,2,JFM,28.21,1.59
1958,3,FMA,28.21,1.17
1958,4,MAM,28.2,0.84
1958,5,AMJ,28.06,0.57
1958,6,MJJ,27.77,0.49
1958,7,JJA,27.36,0.43
1958,8,JAS,26.86,0.32
1958,9,ASO,26.61,0.28
1958,10,SON,26.53,0.3
1958,11,OND,26.6,0.36
1958,12,NDJ,26.82,0.56
1959,1,DJF,26.99,0.6
1959,2,JFM,27.27,0.64
1959,3,FMA,27.51,0.48
1959,4,MAM,27.75,0.39
1959,5,AMJ,27.73,0.24
1959,6,MJJ,27.29,0.02
1959,7,JJA,26.74,-0.19
1959,8,JAS,26.31,-0.23
1959,9,ASO,26.29,-0.04
1959,10,SON,26.34,0.11
1959,11,OND,26.47,0.23
1959,12,NDJ,26.4,0.14
1960,1,DJF,26.4,0.02
1960,2,JFM,26.65,0.03
1960,3,FMA,27.1,0.06
1960,4,MAM,27.52,0.17
1960,5,AMJ,27.53,0.04
1960,6,MJJ,27.27,0.0
1960,7,JJA,26.93,0.01
1960,8,JAS,26.69,0.15
1960,9,ASO,26.52,0.19
1960,10,SON,26.32,0.08
1960,11,OND,26.17,-0.07
1960,12,NDJ,26.16,-0.07
1961,1,DJF,26.34,0.0
1961,2,JFM,26.6,0.03
1961,3,FMA,26.98,0.01
1961,4,MAM,27.33,0.05
1961,5,AMJ,27.62,0.22
1961,6,MJJ,27.41,0.22
1961,7,JJA,26.94,0.08
1961,8,JAS,26.32,-0.2
1961,9,ASO,26.01,-0.32
1961,10,SON,26.02,-0.22
1961,11,OND,26.09,-0.11
1961,12,NDJ,26.14,-0.05
1962,1,DJF,26.16,-0.16
1962,2,JFM,26.4,-0.17
1962,3,FMA,26.83,-0.15
1962,4,MAM,27.09,-0.2
1962,5,AMJ,27.21,-0.19
1962,6,MJJ,27.06,-0.13
1962,7,JJA,26.85,0.0
1962,8,JAS,26.42,-0.1
1962,9,ASO,26.17,-0.16
1962,10,SON,25.98,-0.25
1962,11,OND,25.95,-0.25
1962,12,NDJ,25.87,-0.32
1963,1,DJF,25.98,-0.33
1963,2,JFM,26.4,-0.17
1963,3,FMA,26.99,0.01
1963,4,MAM,27.41,0.13
1963,5,AMJ,27.52,0.12
1963,6,MJJ,27.64,0.45
1963,7,JJA,27.61,0.76
1963,8,JAS,27.61,1.09
1963,9,ASO,27.42,1.09
1963,10,SON,27.37,1.13
1963,11,OND,27.39,1.19
1963,12,NDJ,27.33,1.13
1964,1,DJF,27.26,0.95
1964,2,JFM,27.09,0.52
1964,3,FMA,27.04,0.06
1964,4,MAM,26.93,-0.35
1964,5,AMJ,26.8,-0.6
1964,6,MJJ,26.53,-0.66
1964,7,JJA,26.19,-0.67
1964,8,JAS,25.82,-0.7
1964,9,ASO,25.6,-0.72
1964,10,SON,25.44,-0.8
1964,11,OND,25.41,-0.79
1964,12,NDJ,25.45,-0.75
1965,1,DJF,25.8,-0.51
1965,2,JFM,26.32,-0.25
1965,3,FMA,26.93,-0.04
1965,4,MAM,27.45,0.16
1965,5,AMJ,27.86,0.47
1965,6,MJJ,27.98,0.79
1965,7,JJA,27.95,1.1
1965,8,JAS,27.79,1.27
1965,9,ASO,27.87,1.55
1965,10,SON,27.93,1.7
1965,11,OND,28.02,1.82
1965,12,NDJ,27.83,1.6
1966,1,DJF,27.61,1.24
1966,2,JFM,27.6,0.95
1966,3,FMA,27.79,0.76
1966,4,MAM,27.77,0.43
1966,5,AMJ,27.68,0.24
1966,6,MJJ,27.44,0.18
1966,7,JJA,27.18,0.25
1966,8,JAS,26.73,0.13
1966,9,ASO,26.34,-0.09
1966,10,SON,26.27,-0.12
1966,11,OND,26.17,-0.23
1966,12,NDJ,26.02,-0.35
1967,1,DJF,25.97,-0.46
1967,2,JFM,26.18,-0.48
1967,3,FMA,26.53,-0.5
1967,4,MAM,26.97,-0.37
1967,5,AMJ,27.3,-0.15
1967,6,MJJ,27.31,0.05
1967,7,JJA,26.92,-0.02
1967,8,JAS,26.33,-0.26
1967,9,ASO,26.03,-0.4
1967,10,SON,25.99,-0.4
1967,11,OND,26.03,-0.36
1967,12,NDJ,25.95,-0.42
1968,1,DJF,25.81,-0.62
1968,2,JFM,25.92,-0.73
1968,3,FMA,26.41,-0.63
1968,4,MAM,26.85,-0.48
1968,5,AMJ,27.35,-0.1
1968,6,MJJ,27.43,0.17
1968,7,JJA,27.37,0.44
1968,8,JAS,26.97,0.38
1968,9,ASO,26.78,0.34
1968,10,SON,26.9,0.5
1968,11,OND,27.06,0.66
1968,12,NDJ,27.3,0.93
1969,1,DJF,27.42,0.98
1969,2,JFM,27.63,0.98
1969,3,FMA,27.8,0.77
1969,4,MAM,28.02,0.69
1969,5,AMJ,28.06,0.62
1969,6,MJJ,27.74,0.48
1969,7,JJA,27.3,0.37
1969,8,JAS,27.0,0.41
1969,9,ASO,27.04,0.61
1969,10,SON,27.11,0.71
1969,11,OND,27.21,0.81
1969,12,NDJ,27.08,0.71
1970,1,DJF,26.89,0.46
1970,2,JFM,26.89,0.23
1970,3,FMA,27.27,0.23
1970,4,MAM,27.61,0.28
1970,5,AMJ,27.56,0.11
1970,6,MJJ,27.0,-0.26
1970,7,JJA,26.38,-0.55
1970,8,JAS,25.88,-0.72
1970,9,ASO,25.74,-0.69
1970,10,SON,25.67,-0.72
1970,11,OND,25.61,-0.78
1970,12,NDJ,25.29,-1.1
1971,1,DJF,25.17,-1.29
1971,2,JFM,25.34,-1.36
1971,3,FMA,25.97,-1.08
1971,4,MAM,26.55,-0.81
1971,5,AMJ,26.76,-0.72
1971,6,MJJ,26.62,-0.69
1971,7,JJA,26.3,-0.68
1971,8,JAS,26.05,-0.6
1971,9,ASO,25.81,-0.68
1971,10,SON,25.68,-0.78
1971,11,OND,25.59,-0.86
1971,12,NDJ,25.65,-0.78
1972,1,DJF,25.92,-0.57
1972,2,JFM,26.42,-0.27
1972,3,FMA,27.09,0.04
1972,4,MAM,27.61,0.25
1972,5,AMJ,27.96,0.48
1972,6,MJJ,28.0,0.7
1972,7,JJA,27.98,1.0
1972,8,JAS,27.91,1.26
1972,9,ASO,27.98,1.49
1972,10,SON,28.14,1.69
1972,11,OND,28.3,1.84
1972,12,NDJ,28.2,1.77
1973,1,DJF,28.03,1.55
1973,2,JFM,27.82,1.13
1973,3,FMA,27.61,0.56
1973,4,MAM,27.33,-0.03
1973,5,AMJ,26.97,-0.51
1973,6,MJJ,26.51,-0.8
1973,7,JJA,25.99,-0.99
1973,8,JAS,25.54,-1.11
1973,9,ASO,25.23,-1.26
1973,10,SON,24.87,-1.58
1973,11,OND,24.57,-1.89
1973,12,NDJ,24.39,-2.04
1974,1,DJF,24.61,-1.87
1974,2,JFM,25.1,-1.59
1974,3,FMA,25.82,-1.24
1974,4,MAM,26.37,-0.99
1974,5,AMJ,26.77,-0.71
1974,6,MJJ,26.67,-0.64
1974,7,JJA,26.52,-0.46
1974,8,JAS,26.25,-0.4
1974,9,ASO,26.02,-0.47
1974,10,SON,25.76,-0.69
1974,11,OND,25.57,-0.88
1974,12,NDJ,25.72,-0.71
1975,1,DJF,25.92,-0.56
1975,2,JFM,26.15,-0.55
1975,3,FMA,26.44,-0.61
1975,4,MAM,26.7,-0.66
1975,5,AMJ,26.68,-0.8
1975,6,MJJ,26.39,-0.92
1975,7,JJA,25.9,-1.08
1975,8,JAS,25.54,-1.12
1975,9,ASO,25.2,-1.29
1975,10,SON,25.14,-1.32
1975,11,OND,24.98,-1.47
1975,12,NDJ,24.84,-1.58
1976,1,DJF,24.98,-1.49
1976,2,JFM,25.55,-1.11
1976,3,FMA,26.37,-0.65
1976,4,MAM,26.87,-0.45
1976,5,AMJ,27.21,-0.23
1976,6,MJJ,27.28,0.0
1976,7,JJA,27.21,0.23
1976,8,JAS,27.09,0.4
1976,9,ASO,27.13,0.6
1976,10,SON,27.28,0.79
1976,11,OND,27.28,0.81
1976,12,NDJ,27.28,0.84
1977,1,DJF,27.19,0.71
1977,2,JFM,27.33,0.66
1977,3,FMA,27.35,0.33
1977,4,MAM,27.58,0.26
1977,5,AMJ,27.7,0.26
1977,6,MJJ,27.75,0.46
1977,7,JJA,27.37,0.39
1977,8,JAS,27.04,0.35
1977,9,ASO,26.97,0.45
1977,10,SON,27.17,0.68
1977,11,OND,27.31,0.84
1977,12,NDJ,27.25,0.82
1978,1,DJF,27.18,0.71
1978,2,JFM,27.19,0.52
1978,3,FMA,27.19,0.17
1978,4,MAM,27.26,-0.06
1978,5,AMJ,27.17,-0.28
1978,6,MJJ,27.05,-0.24
1978,7,JJA,26.61,-0.37
1978,8,JAS,26.32,-0.37
1978,9,ASO,26.08,-0.44
1978,10,SON,26.22,-0.27
1978,11,OND,26.4,-0.07
1978,12,NDJ,26.54,0.11
1979,1,DJF,26.67,0.19
1979,2,JFM,26.88,0.21
1979,3,FMA,27.31,0.29
1979,4,MAM,27.64,0.32
1979,5,AMJ,27.73,0.29
1979,6,MJJ,27.43,0.14
1979,7,JJA,27.07,0.09
1979,8,JAS,26.91,0.22
1979,9,ASO,26.86,0.34
1979,10,SON,26.96,0.47
1979,11,OND,26.97,0.5
1979,12,NDJ,27.07,0.64
1980,1,DJF,27.09,0.62
1980,2,JFM,27.14,0.47
1980,3,FMA,27.37,0.35
1980,4,MAM,27.67,0.34
1980,5,AMJ,27.9,0.45
1980,6,MJJ,27.68,0.4
1980,7,JJA,27.16,0.18
1980,8,JAS,26.62,-0.06
1980,9,ASO,26.36,-0.17
1980,10,SON,26.42,-0.07
1980,11,OND,26.55,0.08
1980,12,NDJ,26.44,-0.05
1981,1,DJF,26.31,-0.27
1981,2,JFM,26.4,-0.42
1981,3,FMA,26.76,-0.41
1981,4,MAM,27.21,-0.27
1981,5,AMJ,27.3,-0.28
1981,6,MJJ,27.12,-0.27
1981,7,JJA,26.77,-0.28
1981,8,JAS,26.51,-0.23
1981,9,ASO,26.49,-0.08
1981,10,SON,26.38,-0.16
1981,11,OND,26.34,-0.19
1981,12,NDJ,26.4,-0.14
1982,1,DJF,26.55,-0.05
1982,2,JFM,26.83,0.02
1982,3,FMA,27.23,0.07
1982,4,MAM,27.82,0.34
1982,5,AMJ,28.23,0.65
1982,6,MJJ,28.12,0.73
1982,7,JJA,27.82,0.78
1982,8,JAS,27.72,0.99
1982,9,ASO,28.02,1.45
1982,10,SON,28.36,1.82
1982,11,OND,28.56,2.03
1982,12,NDJ,28.66,2.12
1983,1,DJF,28.74,2.14
1983,2,JFM,28.73,1.91
1983,3,FMA,28.69,1.52
1983,4,MAM,28.7,1.23
1983,5,AMJ,28.53,0.95
1983,6,MJJ,28.01,0.62
1983,7,JJA,27.29,0.25
1983,8,JAS,26.67,-0.06
1983,9,ASO,26.14,-0.43
1983,10,SON,25.78,-0.76
1983,11,OND,25.56,-0.96
1983,12,NDJ,25.65,-0.89
1984,1,DJF,25.97,-0.63
1984,2,JFM,26.3,-0.51
1984,3,FMA,26.78,-0.38
1984,4,MAM,27.0,-0.47
1984,5,AMJ,27.04,-0.55
1984,6,MJJ,26.87,-0.52
1984,7,JJA,26.65,-0.39
1984,8,JAS,26.51,-0.22
1984,9,ASO,26.25,-0.32
1984,10,SON,25.92,-0.62
1984,11,OND,25.57,-0.95
1984,12,NDJ,25.48,-1.06
1985,1,DJF,25.59,-1.01
1985,2,JFM,25.95,-0.86
1985,3,FMA,26.31,-0.85
1985,4,MAM,26.67,-0.8
1985,5,AMJ,26.8,-0.79
1985,6,MJJ,26.79,-0.6
1985,7,JJA,26.6,-0.44
1985,8,JAS,26.41,-0.33
1985,9,ASO,26.26,-0.31
1985,10,SON,26.24,-0.3
1985,11,OND,26.25,-0.28
1985,12,NDJ,26.15,-0.36
1986,1,DJF,26.15,-0.4
1986,2,JFM,26.38,-0.38
1986,3,FMA,26.89,-0.25
1986,4,MAM,27.31,-0.17
1986,5,AMJ,27.5,-0.09
1986,6,MJJ,27.42,0.02
1986,7,JJA,27.29,0.24
1986,8,JAS,27.22,0.46
1986,9,ASO,27.24,0.64
1986,10,SON,27.42,0.86
1986,11,OND,27.57,1.06
1986,12,NDJ,27.69,1.21
1987,1,DJF,27.72,1.18
1987,2,JFM,27.89,1.13
1987,3,FMA,28.16,1.02
1987,4,MAM,28.42,0.94
1987,5,AMJ,28.53,0.95
1987,6,MJJ,28.51,1.11
1987,7,JJA,28.35,1.3
1987,8,JAS,28.23,1.46
1987,9,ASO,28.1,1.49
1987,10,SON,27.97,1.41
1987,11,OND,27.72,1.2
1987,12,NDJ,27.49,1.0
1988,1,DJF,27.17,0.63
1988,2,JFM,27.13,0.37
1988,3,FMA,27.11,-0.03
1988,4,MAM,27.03,-0.45
1988,5,AMJ,26.6,-0.99
1988,6,MJJ,26.09,-1.3
1988,7,JJA,25.75,-1.3
1988,8,JAS,25.63,-1.14
1988,9,ASO,25.34,-1.27
1988,10,SON,25.01,-1.54
1988,11,OND,24.7,-1.81
1988,12,NDJ,24.64,-1.85
1989,1,DJF,24.91,-1.64
1989,2,JFM,25.39,-1.38
1989,3,FMA,26.05,-1.09
1989,4,MAM,26.63,-0.85
1989,5,AMJ,26.98,-0.61
1989,6,MJJ,27.0,-0.4
1989,7,JJA,26.68,-0.37
1989,8,JAS,26.41,-0.36
1989,9,ASO,26.28,-0.33
1989,10,SON,26.31,-0.25
1989,11,OND,26.39,-0.12
1989,12,NDJ,26.45,-0.04
1990,1,DJF,26.73,0.18
1990,2,JFM,26.95,0.19
1990,3,FMA,27.44,0.3
1990,4,MAM,27.75,0.27
1990,5,AMJ,27.84,0.25
1990,6,MJJ,27.65,0.25
1990,7,JJA,27.31,0.26
1990,8,JAS,27.08,0.32
1990,9,ASO,26.92,0.31
1990,10,SON,26.83,0.27
1990,11,OND,26.82,0.31
1990,12,NDJ,26.88,0.34
1991,1,DJF,26.99,0.35
1991,2,JFM,27.16,0.26
1991,3,FMA,27.5,0.23
1991,4,MAM,27.9,0.29
1991,5,AMJ,28.21,0.49
1991,6,MJJ,28.18,0.63
1991,7,JJA,27.97,0.77
1991,8,JAS,27.6,0.67
1991,9,ASO,27.49,0.72
1991,10,SON,27.57,0.83
1991,11,OND,27.89,1.18
1991,12,NDJ,28.09,1.43
1992,1,DJF,28.24,1.54
1992,2,JFM,28.4,1.5
1992,3,FMA,28.67,1.4
1992,4,MAM,28.91,1.3
1992,5,AMJ,28.8,1.08
1992,6,MJJ,28.27,0.72
1992,7,JJA,27.55,0.35
1992,8,JAS,27.0,0.08
1992,9,ASO,26.63,-0.15
1992,10,SON,26.52,-0.22
1992,11,OND,26.47,-0.24
1992,12,NDJ,26.62,-0.05
1993,1,DJF,26.82,0.13
1993,2,JFM,27.21,0.31
1993,3,FMA,27.76,0.5
1993,4,MAM,28.34,0.73
1993,5,AMJ,28.48,0.76
1993,6,MJJ,28.11,0.56
1993,7,JJA,27.48,0.28
1993,8,JAS,27.14,0.22
1993,9,ASO,26.98,0.2
1993,10,SON,26.95,0.2
1993,11,OND,26.9,0.2
1993,12,NDJ,26.85,0.19
1994,1,DJF,26.77,0.07
1994,2,JFM,26.9,0.0
1994,3,FMA,27.31,0.04
1994,4,MAM,27.78,0.17
1994,5,AMJ,27.97,0.25
1994,6,MJJ,27.78,0.23
1994,7,JJA,27.51,0.3
1994,8,JAS,27.22,0.3
1994,9,ASO,27.25,0.47
1994,10,SON,27.4,0.66
1994,11,OND,27.64,0.93
1994,12,NDJ,27.64,0.97
1995,1,DJF,27.58,0.88
1995,2,JFM,27.56,0.65
1995,3,FMA,27.73,0.46
1995,4,MAM,27.8,0.19
1995,5,AMJ,27.75,0.03
1995,6,MJJ,27.43,-0.11
1995,7,JJA,26.91,-0.3
1995,8,JAS,26.38,-0.55
1995,9,ASO,25.97,-0.81
1995,10,SON,25.78,-0.97
1995,11,OND,25.66,-1.05
1995,12,NDJ,25.64,-1.01
1996,1,DJF,25.78,-0.88
1996,2,JFM,26.15,-0.7
1996,3,FMA,26.72,-0.52
1996,4,MAM,27.25,-0.36
1996,5,AMJ,27.48,-0.25
1996,6,MJJ,27.3,-0.24
1996,7,JJA,26.99,-0.22
1996,8,JAS,26.65,-0.27
1996,9,ASO,26.45,-0.3
1996,10,SON,26.35,-0.33
1996,11,OND,26.24,-0.39
1996,12,NDJ,26.18,-0.41
1997,1,DJF,26.23,-0.41
1997,2,JFM,26.59,-0.26
1997,3,FMA,27.21,-0.03
1997,4,MAM,27.9,0.3
1997,5,AMJ,28.44,0.71
1997,6,MJJ,28.67,1.13
1997,7,JJA,28.69,1.48
1997,8,JAS,28.7,1.79
1997,9,ASO,28.78,2.04
1997,10,SON,28.92,2.24
1997,11,OND,28.97,2.34
1997,12,NDJ,28.96,2.37
1998,1,DJF,28.85,2.22
1998,2,JFM,28.76,1.91
1998,3,FMA,28.64,1.4
1998,4,MAM,28.63,1.03
1998,5,AMJ,28.13,0.4
1998,6,MJJ,27.46,-0.08
1998,7,JJA,26.57,-0.63
1998,8,JAS,26.08,-0.83
1998,9,ASO,25.73,-1.02
1998,10,SON,25.56,-1.12
1998,11,OND,25.32,-1.31
1998,12,NDJ,25.12,-1.47
1999,1,DJF,25.12,-1.51
1999,2,JFM,25.6,-1.25
1999,3,FMA,26.31,-0.93
1999,4,MAM,26.8,-0.8
1999,5,AMJ,26.94,-0.79
1999,6,MJJ,26.7,-0.84
1999,7,JJA,26.3,-0.9
1999,8,JAS,25.97,-0.94
1999,9,ASO,25.75,-1.0
1999,10,SON,25.55,-1.13
1999,11,OND,25.27,-1.35
1999,12,NDJ,25.06,-1.53
2000,1,DJF,25.17,-1.47
2000,2,JFM,25.59,-1.26
2000,3,FMA,26.26,-0.98
2000,4,MAM,26.79,-0.81
2000,5,AMJ,27.06,-0.67
2000,6,MJJ,26.92,-0.62
2000,7,JJA,26.73,-0.48
2000,8,JAS,26.52,-0.4
2000,9,ASO,26.33,-0.42
2000,10,SON,26.14,-0.54
2000,11,OND,25.87,-0.76
2000,12,NDJ,25.78,-0.78
2001,1,DJF,25.82,-0.76
2001,2,JFM,26.25,-0.54
2001,3,FMA,26.79,-0.43
2001,4,MAM,27.34,-0.29
2001,5,AMJ,27.59,-0.19
2001,6,MJJ,27.53,-0.08
2001,7,JJA,27.24,-0.05
2001,8,JAS,26.86,-0.13
2001,9,ASO,26.67,-0.15
2001,10,SON,26.52,-0.26
2001,11,OND,26.4,-0.33
2001,12,NDJ,26.32,-0.32
2002,1,DJF,26.46,-0.15
2002,2,JFM,26.86,0.07
2002,3,FMA,27.34,0.11
2002,4,MAM,27.78,0.15
2002,5,AMJ,28.08,0.3
2002,6,MJJ,28.05,0.45
2002,7,JJA,27.85,0.57
2002,8,JAS,27.62,0.63
2002,9,ASO,27.6,0.78
2002,10,SON,27.77,0.99
2002,11,OND,27.92,1.19
2002,12,NDJ,27.72,1.08
2003,1,DJF,27.51,0.9
2003,2,JFM,27.39,0.59
2003,3,FMA,27.61,0.38
2003,4,MAM,27.62,-0.01
2003,5,AMJ,27.6,-0.18
2003,6,MJJ,27.47,-0.13
2003,7,JJA,27.38,0.09
2003,8,JAS,27.13,0.14
2003,9,ASO,27.05,0.23
2003,10,SON,27.0,0.23
2003,11,OND,27.02,0.29
2003,12,NDJ,26.93,0.29
2004,1,DJF,26.95,0.34
2004,2,JFM,27.06,0.27
2004,3,FMA,27.41,0.19
2004,4,MAM,27.72,0.1
2004,5,AMJ,27.9,0.12
2004,6,MJJ,27.83,0.22
2004,7,JJA,27.67,0.39
2004,8,JAS,27.53,0.54
2004,9,ASO,27.4,0.58
2004,10,SON,27.38,0.61
2004,11,OND,27.37,0.64
2004,12,NDJ,27.34,0.71
2005,1,DJF,27.23,0.62
2005,2,JFM,27.35,0.55
2005,3,FMA,27.62,0.4
2005,4,MAM,27.99,0.37
2005,5,AMJ,28.05,0.27
2005,6,MJJ,27.7,0.09
2005,7,JJA,27.24,-0.04
2005,8,JAS,26.85,-0.14
2005,9,ASO,26.71,-0.11
2005,10,SON,26.5,-0.27
2005,11,OND,26.16,-0.57
2005,12,NDJ,25.86,-0.82
2006,1,DJF,25.83,-0.86
2006,2,JFM,26.11,-0.8
2006,3,FMA,26.71,-0.63
2006,4,MAM,27.28,-0.45
2006,5,AMJ,27.69,-0.19
2006,6,MJJ,27.63,-0.05
2006,7,JJA,27.45,0.12
2006,8,JAS,27.32,0.33
2006,9,ASO,27.34,0.54
2006,10,SON,27.47,0.71
2006,11,OND,27.6,0.88
2006,12,NDJ,27.55,0.88
2007,1,DJF,27.3,0.62
2007,2,JFM,27.1,0.19
2007,3,FMA,27.22,-0.12
2007,4,MAM,27.41,-0.32
2007,5,AMJ,27.54,-0.34
2007,6,MJJ,27.27,-0.41
2007,7,JJA,26.84,-0.49
2007,8,JAS,26.22,-0.77
2007,9,ASO,25.75,-1.05
2007,10,SON,25.38,-1.38
2007,11,OND,25.15,-1.57
2007,12,NDJ,24.95,-1.72
2008,1,DJF,24.92,-1.76
2008,2,JFM,25.29,-1.61
2008,3,FMA,25.97,-1.37
2008,4,MAM,26.69,-1.05
2008,5,AMJ,27.03,-0.85
2008,6,MJJ,27.13,-0.56
2008,7,JJA,26.99,-0.33
2008,8,JAS,26.78,-0.2
2008,9,ASO,26.55,-0.25
2008,10,SON,26.4,-0.36
2008,11,OND,26.15,-0.57
2008,12,NDJ,25.87,-0.79
2009,1,DJF,25.79,-0.89
2009,2,JFM,26.07,-0.84
2009,3,FMA,26.71,-0.63
2009,4,MAM,27.38,-0.35
2009,5,AMJ,27.91,0.03
2009,6,MJJ,28.03,0.34
2009,7,JJA,27.82,0.5
2009,8,JAS,27.55,0.56
2009,9,ASO,27.46,0.66
2009,10,SON,27.68,0.92
2009,11,OND,28.02,1.31
2009,12,NDJ,28.16,1.5
2010,1,DJF,28.15,1.47
2010,2,JFM,28.11,1.21
2010,3,FMA,28.22,0.88
2010,4,MAM,28.11,0.38
2010,5,AMJ,27.72,-0.16
2010,6,MJJ,27.03,-0.66
2010,7,JJA,26.34,-0.98
2010,8,JAS,25.74,-1.24
2010,9,ASO,25.37,-1.43
2010,10,SON,25.21,-1.54
2010,11,OND,25.14,-1.57
2010,12,NDJ,25.14,-1.48
2011,1,DJF,25.28,-1.29
2011,2,JFM,25.72,-1.06
2011,3,FMA,26.37,-0.85
2011,4,MAM,26.95,-0.68
2011,5,AMJ,27.29,-0.5
2011,6,MJJ,27.29,-0.34
2011,7,JJA,26.92,-0.37
2011,8,JAS,26.45,-0.5
2011,9,ASO,26.0,-0.76
2011,10,SON,25.77,-0.94
2011,11,OND,25.63,-1.02
2011,12,NDJ,25.64,-0.92
2012,1,DJF,25.84,-0.71
2012,2,JFM,26.22,-0.56
2012,3,FMA,26.79,-0.44
2012,4,MAM,27.29,-0.35
2012,5,AMJ,27.62,-0.18
2012,6,MJJ,27.66,0.03
2012,7,JJA,27.57,0.28
2012,8,JAS,27.35,0.39
2012,9,ASO,27.13,0.37
2012,10,SON,26.99,0.28
2012,11,OND,26.78,0.13
2012,12,NDJ,26.53,-0.03
2013,1,DJF,26.3,-0.24
2013,2,JFM,26.5,-0.28
2013,3,FMA,27.0,-0.23
2013,4,MAM,27.43,-0.2
2013,5,AMJ,27.49,-0.3
2013,6,MJJ,27.24,-0.38
2013,7,JJA,26.84,-0.45
2013,8,JAS,26.61,-0.34
2013,9,ASO,26.45,-0.32
2013,10,SON,26.57,-0.14
2013,11,OND,26.53,-0.12
2013,12,NDJ,26.45,-0.11
2014,1,DJF,26.31,-0.24
2014,2,JFM,26.57,-0.21
2014,3,FMA,27.21,-0.02
2014,4,MAM,27.88,0.25
2014,5,AMJ,28.14,0.35
2014,6,MJJ,27.84,0.22
2014,7,JJA,27.36,0.07
2014,8,JAS,27.03,0.07
2014,9,ASO,27.0,0.24
2014,10,SON,27.22,0.51
2014,11,OND,27.35,0.7
2014,12,NDJ,27.36,0.8
2015,1,DJF,27.28,0.73
2015,2,JFM,27.43,0.65
2015,3,FMA,27.95,0.72
2015,4,MAM,28.49,0.86
2015,5,AMJ,28.83,1.04
2015,6,MJJ,28.82,1.19
2015,7,JJA,28.73,1.44
2015,8,JAS,28.69,1.73
2015,9,ASO,28.79,2.02
2015,10,SON,28.99,2.28
2015,11,OND,29.1,2.45
2015,12,NDJ,29.15,2.59
2016,1,DJF,29.05,2.5
2016,2,JFM,28.99,2.21
2016,3,FMA,28.92,1.69
2016,4,MAM,28.74,1.11
2016,5,AMJ,28.37,0.57
2016,6,MJJ,27.72,0.09
2016,7,JJA,27.1,-0.19
2016,8,JAS,26.62,-0.34
2016,9,ASO,26.34,-0.42
2016,10,SON,26.2,-0.51
2016,11,OND,26.16,-0.49
2016,12,NDJ,26.19,-0.37
2017,1,DJF,26.47,-0.08
2017,2,JFM,26.86,0.08
2017,3,FMA,27.5,0.27
2017,4,MAM,27.95,0.32
2017,5,AMJ,28.15,0.35
2017,6,MJJ,27.94,0.32
2017,7,JJA,27.43,0.14
2017,8,JAS,26.89,-0.07
2017,9,ASO,26.54,-0.23
2017,10,SON,26.27,-0.44
2017,11,OND,26.04,-0.61
2017,12,NDJ,25.8,-0.76
2018,1,DJF,25.83,-0.71
2018,2,JFM,26.11,-0.67
2018,3,FMA,26.68,-0.55
2018,4,MAM,27.28,-0.35
2018,5,AMJ,27.72,-0.07
2018,6,MJJ,27.76,0.13
2018,7,JJA,27.49,0.2
2018,8,JAS,27.25,0.3
2018,9,ASO,27.28,0.52
2018,10,SON,27.53,0.82
2018,11,OND,27.69,1.04
2018,12,NDJ,27.61,1.05
2019,1,DJF,27.54,0.99
2019,2,JFM,27.72,0.94
2019,3,FMA,28.1,0.87
2019,4,MAM,28.45,0.82
2019,5,AMJ,28.5,0.71
2019,6,MJJ,28.21,0.59
2019,7,JJA,27.67,0.38
2019,8,JAS,27.16,0.2
2019,9,ASO,27.07,0.31
2019,10,SON,27.22,0.51
2019,11,OND,27.37,0.72
2019,12,NDJ,27.31,0.75
2020,1,DJF,27.25,0.71
2020,2,JFM,27.44,0.66
2020,3,FMA,27.8,0.57
2020,4,MAM,27.97,0.33
2020,5,AMJ,27.83,0.04
2020,6,MJJ,27.45,-0.18
2020,7,JJA,27.0,-0.29
2020,8,JAS,26.52,-0.43
2020,9,ASO,25.99,-0.77
2020,10,SON,25.71,-1.0
2020,11,OND,25.54,-1.11
2020,12,NDJ,25.5,-1.06
2021,1,DJF,25.55,-0.99
2021,2,JFM,25.92,-0.85
2021,3,FMA,26.48,-0.74
2021,4,MAM,27.07,-0.56
2021,5,AMJ,27.39,-0.4
2021,6,MJJ,27.31,-0.31
2021,7,JJA,26.95,-0.35
2021,8,JAS,26.49,-0.46
2021,9,ASO,26.13,-0.64
2021,10,SON,25.94,-0.77
2021,11,OND,25.74,-0.91
2021,12,NDJ,25.73,-0.83
2022,1,DJF,25.79,-0.76
2022,2,JFM,26.09,-0.68
2022,3,FMA,26.46,-0.77
2022,4,MAM,26.77,-0.86
2022,5,AMJ,26.96,-0.83
2022,6,MJJ,26.9,-0.73
2022,7,JJA,26.59,-0.7
2022,8,JAS,26.18,-0.78
2022,9,ASO,25.89,-0.87
2022,10,SON,25.82,-0.89
2022,11,OND,25.83,-0.82
2022,12,NDJ,25.86,-0.7
2023,1,DJF,26.0,-0.55
2023,2,JFM,26.45,-0.33
2023,3,FMA,27.12,-0.11
2023,4,MAM,27.82,0.19
2023,5,AMJ,28.25,0.46
2023,6,MJJ,28.36,0.73
2023,7,JJA,28.29,1.0
2023,8,JAS,28.21,1.25
2023,9,ASO,28.26,1.5
2023,10,SON,28.45,1.74
2023,11,OND,28.55,1.9
2023,12,NDJ,28.55,1.99
2024,1,DJF,28.38,1.84
2024,2,JFM,28.3,1.53
2024,3,FMA,28.4,1.18
2024,4,MAM,28.4,0.77
2024,5,AMJ,28.23,0.43
2024,6,MJJ,27.8,0.18
2024,7,JJA,27.35,0.06
2024,8,JAS,26.92,-0.04
2024,9,ASO,26.64,-0.12
2024,10,SON,26.52,-0.19
2024,11,OND,26.35,-0.29
2024,12,NDJ,26.13,-0.43
2025,1,DJF,26.09,-0.46
2025,2,JFM,26.56,-0.22
2025,3,FMA,27.15,-0.08
2025,4,MAM,27.65,0.02
2025,5,AMJ,27.76,-0.04
2025,6,MJJ,27.61,-0.02
2025,7,JJA,27.18,-0.11
2025,8,JAS,26.7,-0.26
2025,9,ASO,26.33,-0.43
2025,10,SON,26.14,-0.57
2025,11,OND,26.04,-0.61
2025,12,NDJ,25.96,-0.6
2026,1,DJF,26.15,-0.39
2026,2,JFM,26.57,-0.21
2026,3,FMA,27.34,0.11
2026,4,MAM,28.09,0.46
2026,5,AMJ,28.74,0.95
2026,6,MJJ,29.02,1.39
2026,7,JJA,29.09,1.8
